Frame,TotalDetected,TotalMatched,FrameTime_ms,DetectTime_ms,MatchTime_ms
0,925,0,922.995,547.289,0.000
1,925,924,687.068,408.125,17.363
2,925,925,649.296,379.164,16.341
3,966,20,655.530,377.382,17.383
4,960,770,655.063,379.819,18.082
5,947,29,658.609,378.211,17.503
6,952,903,650.678,379.247,17.497
7,951,664,658.606,377.404,17.503
8,965,18,664.590,375.467,17.700
9,965,955,649.323,375.258,18.124
10,932,20,664.017,385.461,17.488
11,931,926,654.440,379.617,17.382
12,914,15,667.837,386.850,16.491
13,915,914,654.342,381.256,16.607
14,915,915,651.891,380.110,16.775
15,937,17,668.594,390.465,17.054
16,936,934,670.875,394.309,17.309
17,944,15,662.098,384.600,17.411
18,944,941,649.754,375.789,18.284
19,944,944,660.464,384.395,18.230
20,918,13,697.618,398.613,19.039
21,918,916,683.527,383.247,21.436
22,926,24,691.056,399.969,17.679
23,926,926,677.513,388.113,17.618
24,919,26,668.435,381.888,16.934
25,919,919,679.231,403.808,16.896
26,919,918,673.635,389.275,19.605
27,938,35,725.627,427.960,23.188
28,938,937,807.293,487.568,22.993
29,933,17,703.128,414.388,17.455
30,937,456,711.487,427.231,19.126
31,937,937,677.197,389.063,19.290
32,929,24,665.785,378.170,17.546
33,929,926,688.248,403.021,17.829
34,926,22,698.617,407.461,20.092
35,926,915,680.301,397.313,16.925
36,930,22,692.848,408.137,18.806
37,930,926,685.442,400.954,19.536
38,930,930,688.006,391.721,17.353
39,901,25,673.912,391.349,16.886
40,901,899,668.279,385.457,17.524
41,912,20,683.895,395.294,17.709
42,912,912,676.550,393.889,17.404
43,912,912,682.094,383.849,24.088
44,920,31,722.782,428.797,18.533
45,920,916,690.741,400.604,20.826
46,912,24,739.420,436.462,21.529
47,912,908,685.835,402.679,19.187
48,924,23,689.342,399.752,17.306
49,924,918,691.708,408.811,19.960
50,924,923,663.826,390.014,18.168
51,948,17,687.001,395.479,20.509
52,948,942,673.037,381.420,25.398
53,960,29,676.436,389.048,21.618
54,960,957,839.935,512.919,27.764
55,960,960,743.508,445.104,18.663
56,974,24,902.704,466.420,23.985
57,974,973,918.407,577.340,43.873
58,955,28,948.815,539.131,30.976
59,955,955,803.673,499.068,19.995
60,936,23,800.093,494.056,36.017
61,936,936,717.642,416.528,19.690
62,936,936,742.573,450.902,19.829
63,956,23,732.769,442.102,22.055
64,956,956,794.375,430.790,69.609
65,962,29,784.804,468.045,24.379
66,962,961,795.874,498.522,18.761
67,962,962,695.446,417.883,18.304
68,969,31,698.209,410.202,18.756
69,969,969,669.528,392.443,18.659
70,951,21,696.303,415.314,18.264
71,952,951,692.858,411.931,20.080
72,955,14,686.469,398.868,18.500
73,955,955,677.590,397.965,17.863
74,955,955,721.645,411.538,23.594
75,969,36,688.111,402.236,21.935
76,969,968,700.343,411.017,23.494
77,983,12,690.232,408.706,18.679
78,983,981,701.506,415.906,19.810
79,983,983,680.942,397.566,19.681
80,1000,19,680.940,398.438,19.911
81,1000,997,681.648,402.754,19.680
82,1000,23,689.880,401.304,20.308
83,1000,998,691.195,404.759,19.462
84,1000,18,688.407,401.544,19.865
85,1000,996,705.107,427.026,19.897
86,1000,1000,675.388,392.145,19.914
87,1000,36,683.715,399.115,20.947
88,1000,999,698.849,418.670,19.833
89,1000,30,687.586,406.093,20.030
90,1000,537,695.935,407.708,20.041
91,1000,1000,688.806,411.876,20.933
92,1000,18,874.525,563.797,24.381
93,1000,1000,727.853,437.418,21.462
94,1000,21,712.638,410.294,20.249
95,1000,999,688.728,404.225,22.748
96,1000,26,692.260,405.534,19.298
97,1000,990,679.978,400.084,19.211
98,1000,998,669.905,386.983,18.997
99,1000,17,698.993,414.561,19.622
100,1000,999,684.461,406.639,19.911
101,992,9,690.578,395.944,19.489
102,992,991,681.244,400.993,21.420
103,992,992,683.551,399.168,20.043
104,1000,14,678.062,392.216,21.804
105,1000,997,698.217,399.695,20.547
106,1000,32,721.561,430.680,20.208
107,1000,1000,691.497,411.237,19.925
108,1000,21,690.496,404.536,19.689
109,1000,996,685.668,396.391,20.072
110,1000,1000,662.971,388.182,19.917
111,981,29,687.935,405.251,18.849
112,981,981,671.978,394.790,19.514
113,1000,28,683.664,392.789,19.437
114,1000,999,682.068,401.199,20.448
115,1000,1000,681.844,405.170,20.433
116,987,26,689.726,394.302,25.002
117,987,984,671.084,396.722,19.520
118,974,27,680.599,400.544,19.153
119,974,974,671.199,396.235,18.474
120,979,23,705.161,411.801,18.808
121,979,979,688.345,401.265,18.792
122,979,979,685.612,409.875,19.130
123,1000,21,701.144,408.793,23.940
124,1000,999,679.176,399.256,19.560
125,979,16,696.804,410.966,19.427
126,979,976,689.814,409.417,19.406
127,979,979,718.757,426.286,25.091
128,990,23,690.521,409.620,19.206
129,990,989,688.770,407.047,21.223
130,963,23,690.348,402.804,19.012
131,963,963,667.534,392.239,19.036
132,971,21,681.866,402.993,18.659
133,971,965,673.639,393.471,18.853
134,971,971,685.184,408.654,19.300
135,970,21,716.722,435.074,19.562
136,970,970,702.929,425.215,18.767
137,947,20,695.391,406.599,18.093
138,947,946,671.870,394.477,17.486
139,947,947,677.178,402.768,17.359
140,937,25,679.740,393.847,17.481
141,937,936,677.380,395.219,19.161
142,941,31,724.979,442.652,18.073
143,941,940,696.366,419.352,17.777
144,929,12,703.840,421.080,17.056
145,929,929,687.603,417.361,17.791
146,929,929,675.755,399.424,17.082
147,920,24,679.562,403.492,17.661
148,920,919,694.803,416.390,20.568
149,910,25,684.999,407.303,17.060
150,903,520,680.726,400.219,17.866
151,903,903,681.363,397.204,16.569
152,918,24,678.198,397.324,17.088
153,918,918,666.913,395.610,16.605
154,899,18,679.626,400.877,16.170
155,898,889,668.804,396.309,16.342
156,913,12,687.352,408.183,16.593
157,913,910,671.190,397.459,18.482
158,913,913,681.384,397.672,16.538
159,911,24,705.920,413.361,19.118
160,910,906,676.962,405.589,16.357
161,907,26,682.562,403.635,16.020
162,906,904,683.468,398.516,21.012
163,906,903,682.503,397.396,16.722
164,900,16,691.095,414.738,16.339
165,900,900,679.465,397.368,16.424
166,901,26,682.812,404.085,16.299
167,901,898,666.036,393.620,17.319
168,900,31,695.496,416.990,15.877
169,900,900,676.232,399.211,19.539
170,900,899,685.169,399.112,18.175
171,889,19,693.906,412.750,16.182
172,889,885,680.534,406.023,15.963
173,896,30,684.820,408.187,18.808
174,896,896,687.191,414.749,15.885
175,896,895,676.388,396.417,16.180
176,908,20,695.170,408.132,21.908
177,908,905,682.005,397.186,24.511
178,889,11,692.980,405.918,18.685
179,889,888,672.579,393.724,15.813
180,911,12,679.831,400.599,16.458
181,911,911,675.025,401.256,17.142
182,911,911,691.448,414.427,16.837
183,884,16,676.864,394.153,21.030
184,884,878,664.204,391.757,15.484
185,888,15,683.247,404.765,15.586
186,888,879,668.661,389.345,15.649
187,888,888,652.711,380.984,16.317
188,886,12,682.632,404.274,17.421
189,886,885,658.951,384.029,15.610
190,890,9,681.920,390.871,23.708
191,890,885,661.329,387.072,16.164
192,876,16,681.295,405.942,15.621
193,876,874,678.137,399.346,18.563
194,876,876,660.869,389.141,15.074
195,889,15,670.261,394.729,16.263
196,889,886,663.269,383.718,16.686
197,905,23,669.740,390.114,16.001
198,905,904,673.460,399.154,16.063
199,905,905,674.778,389.857,16.864
200,868,1,665.068,382.065,15.723
201,869,865,683.461,402.707,15.218
202,901,13,686.456,410.086,17.102
203,901,900,677.617,395.539,17.129
204,902,10,669.356,394.806,16.210
205,902,893,681.595,403.908,16.988
206,902,901,672.144,389.220,19.502
207,935,24,669.667,391.181,16.886
208,935,932,668.941,394.956,17.751
209,924,19,689.908,405.608,17.327
210,918,508,661.849,387.033,16.952
211,918,918,668.675,390.762,17.483
212,903,17,674.238,392.408,16.706
213,903,898,670.040,386.648,16.431
214,913,15,683.939,404.659,17.335
215,914,907,658.967,386.401,16.766
216,893,14,681.244,388.947,16.677
217,893,863,667.554,393.056,16.017
218,893,888,672.237,390.311,16.850
219,912,15,690.690,400.873,17.868
220,912,911,662.452,388.461,18.237
221,907,21,698.058,405.779,16.973
222,907,905,662.734,392.195,16.117
223,907,907,663.875,380.038,16.107
224,915,9,664.484,389.003,16.683
225,915,910,667.857,392.664,16.669
226,914,22,669.009,393.019,17.188
227,914,914,664.121,384.339,17.300
228,893,16,693.202,402.967,16.892
229,893,888,669.087,399.956,16.145
230,893,893,675.606,388.258,23.656
231,911,23,683.380,399.139,16.708
232,912,906,664.774,394.528,16.553
233,915,18,678.726,397.291,16.583
234,915,915,658.363,387.532,16.640
235,915,915,668.900,391.283,18.170
236,927,11,685.270,404.992,16.720
237,927,923,661.800,386.476,16.992
238,916,21,679.499,396.006,17.327
239,916,915,664.749,392.485,16.485
240,934,11,678.458,399.440,17.911
241,934,934,667.277,391.199,19.362
242,934,934,696.907,415.358,17.439
243,949,18,693.526,405.147,17.868
244,949,947,666.477,391.092,17.950
245,931,24,675.275,394.294,17.492
246,931,925,678.123,403.685,16.745
247,931,931,665.551,389.815,17.103
248,903,18,674.634,392.903,16.208
249,903,903,665.203,390.621,18.294
250,913,15,687.919,394.648,16.819
251,913,912,647.871,373.305,16.400
252,940,12,661.262,386.796,16.945
253,940,938,669.304,383.804,17.659
254,940,940,660.345,383.031,17.281
255,938,18,664.718,385.084,17.320
256,938,938,663.642,388.344,19.188
257,926,11,678.773,377.686,27.815
258,926,926,654.477,380.239,17.274
259,926,926,659.756,388.129,17.268
260,933,21,676.022,385.790,17.067
261,935,933,661.926,388.925,17.598
262,925,30,675.698,396.740,17.274
263,925,923,670.694,392.323,18.494
264,934,34,674.033,391.315,18.344
265,934,933,669.332,391.495,17.393
266,934,934,661.274,388.644,17.463
267,919,19,662.129,377.227,19.030
268,919,918,649.897,377.534,16.780
269,922,25,678.238,392.583,17.922
270,923,447,674.161,392.865,16.769
271,923,922,685.731,398.936,21.595
272,930,25,709.816,425.056,17.142
273,930,928,659.316,384.302,16.957
274,933,17,692.735,389.825,29.000
275,933,931,679.582,402.687,16.917
276,913,30,711.263,395.193,17.538
277,913,900,680.725,395.425,16.933
278,913,911,664.625,380.669,16.551
279,928,24,671.951,384.566,17.099
280,929,915,658.023,381.366,17.499
281,918,19,656.405,377.810,16.575
282,918,917,656.805,382.950,16.628
283,918,918,648.991,380.537,16.837
284,949,12,661.368,380.002,17.677
285,949,940,702.791,408.750,17.726
286,940,17,713.023,405.575,18.917
287,940,933,702.463,415.640,17.889
288,939,13,747.793,444.969,20.697
289,939,933,690.344,408.301,18.261
290,939,939,736.307,433.510,18.024
291,911,14,703.110,419.812,17.886
292,911,902,670.826,391.651,16.437
293,921,24,752.671,424.702,20.649
294,921,914,698.887,412.507,20.903
295,921,920,729.608,419.793,22.276
296,941,15,719.159,413.810,16.748
297,941,934,657.164,382.130,17.408
298,952,7,673.900,394.325,17.588
299,952,951,660.553,382.708,17.922
300,960,10,670.024,380.456,18.122
301,960,960,666.259,388.764,18.057
302,960,960,658.587,379.986,18.131
303,974,11,658.819,380.357,18.550
304,974,972,672.207,389.397,18.463
305,984,13,671.220,390.141,19.262
306,984,982,727.713,415.579,22.811
307,984,984,730.964,420.748,21.652
308,973,14,697.335,403.669,20.415
309,974,972,699.427,402.982,23.693
310,998,12,789.667,462.682,23.706
311,998,993,826.894,466.219,25.161
312,989,22,813.634,526.404,20.131
313,989,986,693.495,408.783,19.474
314,989,989,810.499,506.252,19.280
315,998,8,708.431,417.508,19.739
316,998,989,697.955,411.738,24.511
317,981,7,706.881,411.972,26.741
318,981,979,680.819,396.573,20.023
319,981,981,687.262,403.530,19.971
320,962,18,693.711,407.505,20.306
321,962,961,699.837,418.888,18.314
322,973,19,686.820,397.836,19.419
323,973,970,682.481,405.312,18.891
324,980,10,689.460,405.486,19.157
325,980,979,682.356,394.062,18.899
326,980,980,681.493,400.297,21.202
327,983,15,691.049,394.210,18.846
328,982,971,729.157,411.407,25.849
329,986,7,694.118,399.849,18.692
330,980,493,668.846,384.862,21.528
331,980,980,677.973,391.462,23.294
332,978,11,670.403,388.924,19.025
333,978,975,670.494,389.106,22.843
334,1000,13,669.025,379.101,18.966
335,1000,966,686.129,398.935,23.062
336,1000,19,673.123,385.706,20.575
337,1000,980,661.950,383.556,20.554
338,1000,1000,681.639,395.132,19.997
339,1000,11,683.780,396.577,19.640
340,1000,984,664.155,387.144,20.168
341,1000,18,681.805,397.973,19.779
342,1000,977,663.440,388.555,20.088
343,1000,1000,677.162,396.765,21.610
344,1000,8,663.386,380.132,19.511
345,1000,986,663.862,388.560,19.983
346,1000,18,662.816,378.433,19.221
347,1000,996,662.490,382.484,19.248
348,1000,18,681.526,394.221,22.056
349,1000,989,664.843,383.501,19.855
350,1000,1000,667.291,393.227,20.771
351,1000,9,669.497,390.211,19.815
352,1000,988,654.390,378.759,19.581
353,1000,11,672.285,380.243,24.346
354,1000,999,654.812,380.211,19.489
355,1000,1000,676.185,395.051,21.828
356,1000,15,679.059,387.814,20.195
357,1000,967,665.102,378.694,19.646
358,1000,9,669.124,385.606,19.965
359,1000,1000,660.613,381.459,19.352
360,1000,18,664.850,379.059,19.444
361,1000,999,664.482,383.579,20.148
362,1000,1000,666.697,377.728,22.645
363,1000,10,661.792,376.585,20.715
364,1000,998,686.563,403.490,19.419
365,1000,18,718.783,416.870,29.700
366,1000,985,786.511,459.913,24.707
367,1000,1000,683.668,392.728,22.943
368,1000,14,701.192,396.108,22.285
369,1000,995,704.611,414.053,21.969
370,1000,24,703.741,402.135,22.844
371,1000,996,692.427,399.378,23.526
372,1000,20,677.917,393.369,20.621
373,1000,999,693.927,408.887,19.947
374,1000,1000,676.090,386.061,21.126
375,1000,8,654.349,370.874,20.965
376,1000,987,682.530,399.358,20.101
377,1000,25,881.233,502.935,30.209
378,1000,998,1005.230,660.635,22.692
379,1000,998,715.358,424.857,19.284
380,1000,26,682.043,381.187,21.333
381,1000,977,681.524,395.531,21.341
382,1000,15,674.088,383.539,20.495
383,1000,1000,673.181,385.652,22.069
384,1000,19,696.514,408.374,20.995
385,1000,997,678.199,388.673,21.062
386,1000,999,667.321,379.792,22.233
387,1000,15,668.429,383.241,21.690
388,1000,995,671.879,391.125,19.777
389,1000,19,679.260,393.284,19.747
390,1000,452,707.534,415.133,20.756
391,1000,1000,718.469,440.350,19.713
392,1000,36,677.582,382.129,24.181
393,1000,997,657.079,376.948,19.368
394,1000,25,664.125,382.250,19.494
395,1000,989,668.537,391.149,19.345
396,1000,8,668.712,379.822,20.209
397,1000,966,667.858,388.348,19.485
398,1000,1000,663.672,386.530,20.060
399,1000,11,676.594,394.836,19.557
400,1000,964,673.552,393.036,20.566
401,1000,13,670.851,384.948,20.009
402,1000,995,690.276,411.799,20.954
403,1000,1000,689.211,400.233,21.114
404,1000,25,694.218,401.123,20.342
405,1000,993,672.260,392.666,20.936
406,1000,15,683.393,395.399,20.029
407,1000,1000,657.718,384.831,19.556
408,1000,17,669.902,389.034,19.830
409,1000,1000,669.627,387.930,19.356
410,1000,1000,660.110,382.128,19.821
411,1000,38,700.846,394.090,20.421
412,1000,984,662.128,386.307,19.517
413,1000,17,678.346,389.713,19.500
414,1000,998,671.031,380.881,20.147
415,1000,1000,686.654,407.572,22.678
416,1000,13,691.658,401.679,20.038
417,1000,989,661.861,383.680,24.420
418,1000,24,689.577,406.915,22.055
419,1000,1000,670.455,394.309,19.047
420,1000,15,672.608,387.280,19.483
421,1000,1000,681.142,391.692,25.810
422,1000,1000,667.859,386.322,19.600
423,1000,12,698.637,409.949,20.617
424,1000,1000,679.112,406.357,19.608
425,1000,22,686.860,398.022,19.678
426,1000,997,674.711,395.094,19.380
427,1000,1000,670.428,391.642,19.437
428,1000,17,671.501,393.054,19.851
429,1000,1000,699.436,423.358,19.710
430,1000,23,688.498,395.558,19.553
431,1000,999,667.221,389.632,21.765
432,1000,26,694.414,394.076,20.428
433,1000,1000,671.060,392.369,20.746
434,1000,1000,679.393,396.760,19.903
435,1000,16,669.267,384.905,20.212
436,1000,997,689.928,411.489,20.292
437,1000,10,680.614,396.216,19.656
438,1000,998,662.337,384.674,20.007
439,1000,1000,679.331,403.042,19.532
440,1000,19,677.223,393.182,19.235
441,1000,991,678.275,397.601,23.307
442,1000,18,663.801,382.044,19.558
443,1000,999,695.408,406.837,19.958
444,1000,26,693.276,396.525,25.276
445,1000,997,659.442,382.192,19.276
446,1000,998,680.618,401.142,19.920
447,1000,24,684.909,396.093,19.484
448,1000,994,672.427,396.150,21.172
449,1000,25,710.693,413.164,20.828
450,1000,487,699.294,409.313,19.574
451,1000,1000,676.296,392.277,20.290
452,1000,13,682.048,400.994,20.227
453,1000,991,684.294,397.296,21.000
454,1000,18,677.166,389.556,19.421
455,1000,983,684.979,404.831,22.486
456,1000,11,685.192,402.699,20.124
457,1000,972,680.339,395.321,22.941
458,1000,996,696.137,413.340,21.255
459,1000,20,695.779,410.982,21.177
460,1000,989,672.932,396.819,19.411
461,1000,14,685.437,403.032,19.886
462,1000,1000,664.691,386.030,20.956
463,1000,1000,661.463,384.749,19.198
464,1000,26,683.116,400.937,20.243
465,1000,991,690.758,410.612,19.468
466,1000,24,677.810,392.332,20.469
467,1000,1000,681.517,403.702,20.483
468,1000,10,677.607,393.122,19.781
469,1000,985,676.025,395.041,19.513
470,1000,1000,683.732,404.134,19.107
471,1000,24,680.276,398.445,19.385
472,1000,998,696.144,414.051,22.255
473,1000,28,677.933,399.937,20.668
474,1000,996,684.557,405.883,19.916
475,1000,1000,698.562,416.574,22.129
476,1000,33,678.125,395.505,20.711
477,1000,992,668.689,391.769,19.485
478,1000,19,675.143,396.001,19.924
479,1000,1000,682.149,392.813,20.156
480,1000,13,670.780,393.289,19.525
481,1000,999,683.621,404.885,20.272
482,1000,1000,676.001,396.054,21.956
483,1000,22,684.000,397.723,19.552
484,1000,1000,684.612,409.327,19.505
485,1000,7,686.236,402.981,19.689
486,1000,999,691.904,400.354,19.369
487,1000,1000,673.860,400.865,19.353
488,1000,29,688.839,402.885,22.069
489,1000,998,673.960,393.246,19.822
490,1000,22,677.934,395.409,19.489
491,1000,1000,674.765,398.112,19.548
492,1000,25,687.921,401.168,20.319
493,1000,1000,707.485,402.532,35.033
494,1000,1000,685.092,411.081,19.740
495,1000,28,694.490,400.336,23.174
496,1000,995,685.435,405.410,20.974
497,1000,16,687.985,403.740,20.711
498,1000,1000,693.395,416.957,20.750
499,1000,1000,680.621,402.066,19.885
500,1000,26,711.160,402.859,23.188
501,1000,999,689.972,412.061,20.032
502,1000,25,698.550,416.114,22.078
503,1000,1000,686.969,405.771,21.218
504,1000,21,684.729,399.368,21.996
505,1000,999,678.653,397.791,22.167
506,1000,998,687.091,410.964,19.673
507,1000,13,684.357,399.872,19.561
508,1000,996,691.797,416.169,19.348
509,1000,18,695.683,411.074,19.478
510,1000,538,668.049,391.614,19.744
511,1000,999,681.089,398.365,22.439
512,1000,54,691.338,405.380,20.498
513,1000,992,689.667,410.362,19.337
514,1000,32,683.459,400.137,19.349
515,1000,999,709.715,431.918,19.419
516,1000,14,695.019,411.275,22.524
517,1000,991,709.653,429.039,21.469
518,1000,1000,687.859,409.095,19.591
519,1000,24,691.259,408.119,19.262
520,1000,993,686.926,409.479,21.266
521,1000,18,682.416,401.541,19.340
522,1000,986,704.226,426.111,19.290
523,1000,997,699.316,415.274,20.738
524,1000,43,701.092,415.458,21.589
525,1000,976,689.463,409.338,19.375
526,1000,20,689.068,407.492,19.398
527,1000,988,687.857,412.584,21.478
528,1000,27,687.378,405.895,19.630
529,1000,979,711.243,430.495,22.819
530,1000,1000,678.132,399.657,19.828
531,1000,23,695.489,413.276,19.428
532,1000,992,682.595,403.005,20.235
533,1000,19,691.773,412.822,19.610
534,1000,998,681.687,403.287,20.095
535,1000,1000,685.982,410.885,19.195
536,1000,28,711.192,421.145,20.761
537,1000,986,689.088,409.810,19.323
538,1000,12,686.445,403.073,19.679
539,1000,995,695.574,416.257,20.149
540,1000,29,691.449,410.408,19.619
541,1000,1000,689.128,415.405,19.312
542,1000,1000,688.798,410.784,19.498
543,1000,27,720.717,423.260,20.067
544,1000,996,685.487,405.492,19.796
545,1000,22,694.876,413.961,19.335
546,1000,998,701.030,423.376,19.904
547,1000,1000,695.250,413.604,23.320
548,1000,34,693.565,413.033,19.335
549,1000,1000,690.427,411.793,19.817
550,1000,17,708.066,408.834,20.065
551,1000,1000,688.349,408.834,19.291
552,1000,24,689.145,410.425,19.456
553,1000,999,692.815,416.547,19.232
554,1000,1000,687.246,406.858,19.912
555,1000,42,690.364,412.004,19.651
556,1000,994,690.983,416.499,19.309
557,1000,25,724.567,420.764,19.450
558,1000,997,703.782,410.209,27.589
559,1000,1000,745.387,462.994,19.756
560,1000,35,715.032,420.908,20.498
561,1000,1000,691.735,408.989,19.680
562,1000,38,702.857,411.634,19.596
563,1000,999,693.335,414.396,19.319
564,1000,26,700.091,409.612,20.069
565,1000,1000,692.262,413.671,19.188
566,1000,1000,688.679,410.266,19.064
567,1000,22,688.634,407.126,19.615
568,1000,999,682.583,405.708,19.407
569,1000,21,711.138,422.444,19.937
570,1000,573,689.644,406.892,19.498
571,1000,1000,696.450,409.878,19.634
572,1000,22,696.645,408.752,19.438
573,1000,1000,678.947,403.180,19.240
574,1000,27,687.672,402.268,19.626
575,1000,993,690.160,407.807,19.425
576,1000,26,682.840,396.278,19.852
577,1000,989,680.427,396.568,19.421
578,1000,1000,683.126,399.064,19.640
579,1000,30,697.629,413.835,19.082
580,1000,999,677.657,397.660,19.923
581,1000,30,685.351,400.878,19.096
582,1000,996,672.457,391.258,19.324
583,1000,994,675.560,400.608,19.377
584,1000,32,691.424,409.642,19.625
585,1000,999,681.522,405.339,19.447
586,1000,22,693.497,409.870,19.788
587,1000,1000,670.988,396.288,19.541
588,1000,28,674.624,391.696,19.800
589,1000,1000,677.879,398.103,19.155
590,1000,1000,675.937,399.428,19.700
591,1000,31,684.559,399.110,19.538
592,1000,997,682.959,408.216,19.715
593,1000,35,690.338,403.216,19.690
594,1000,1000,678.067,398.175,19.626
595,1000,1000,676.884,400.065,19.858
596,1000,16,696.385,394.773,21.911
597,1000,993,667.368,390.962,19.405
598,1000,26,681.047,399.319,19.834
599,1000,999,675.100,395.850,19.311
600,1000,24,695.341,403.985,19.525
601,1000,1000,684.700,403.084,19.480
602,1000,1000,674.396,395.246,19.548
603,1000,21,689.379,402.316,20.859
604,1000,1000,667.003,388.824,20.329
605,1000,23,678.347,394.076,21.070
606,1000,1000,671.079,387.382,20.753
607,1000,1000,665.076,389.726,19.588
608,1000,17,687.229,402.636,19.424
609,1000,997,662.451,384.517,19.449
610,1000,20,673.254,387.887,19.856
611,1000,999,667.117,388.246,19.742
612,1000,25,671.487,388.724,19.489
613,1000,999,652.981,376.878,19.668
614,1000,1000,672.216,395.219,19.623
615,1000,26,682.980,391.680,19.453
616,1000,991,670.730,385.304,19.532
617,1000,33,667.807,384.826,20.334
618,1000,996,666.919,389.902,19.256
619,1000,1000,665.215,388.068,19.895
620,1000,19,669.795,383.052,19.330
621,1000,990,666.236,389.967,20.128
622,1000,22,679.040,386.619,19.247
623,1000,997,677.521,399.076,19.779
624,1000,26,668.434,389.026,19.604
625,1000,992,677.684,398.639,19.976
626,1000,998,655.630,379.689,19.758
627,1000,24,666.167,382.680,20.425
628,1000,994,657.706,378.427,19.702
629,988,31,669.263,386.838,19.486
630,976,504,674.280,396.367,18.525
631,976,976,654.732,378.518,19.142
632,984,26,676.176,391.021,19.174
633,983,973,672.693,396.907,19.311
634,962,15,664.668,383.926,18.231
635,960,943,654.703,380.407,18.015
636,994,20,670.533,389.108,18.561
637,996,974,689.250,388.458,19.285
638,996,995,664.442,389.887,19.594
639,986,30,666.259,387.778,19.264
640,985,967,664.687,391.916,18.463
641,966,11,670.985,390.813,19.670
642,966,955,666.474,392.974,18.145
643,966,966,662.725,389.042,18.224
644,957,19,665.704,388.886,17.888
645,956,940,693.784,411.536,17.797
646,958,13,678.535,396.560,18.349
647,957,942,678.320,397.335,17.683
648,951,28,696.317,408.113,18.141
649,951,948,725.074,440.148,17.844
650,951,951,693.395,411.146,17.477
651,937,28,686.898,409.172,17.641
652,936,924,698.989,414.135,17.046
653,937,25,668.159,391.298,16.878
654,937,931,671.117,394.908,17.395
655,937,937,666.392,386.349,17.143
656,938,23,663.035,387.144,17.093
657,938,935,669.023,394.216,17.220
658,959,23,684.836,405.313,17.949
659,959,958,676.306,390.992,17.931
660,968,14,673.066,393.655,17.813
661,968,968,664.519,388.650,18.567
662,968,968,680.802,401.062,18.352
663,957,23,686.880,405.763,18.128
664,957,949,694.118,403.555,17.951
665,918,18,728.501,447.161,17.295
666,918,910,682.719,403.972,16.730
667,918,918,682.351,409.770,16.508
668,917,11,683.165,408.001,16.447
669,916,909,687.615,406.009,18.659
670,908,23,681.727,403.754,16.291
671,908,899,684.850,409.812,16.122
672,885,25,685.604,408.712,16.380
673,885,883,674.973,403.377,15.243
674,885,885,689.891,419.009,15.484
675,901,20,685.865,407.244,16.367
676,901,897,676.422,402.154,16.020
677,888,22,688.322,403.223,15.565
678,888,886,677.465,409.310,15.467
679,888,888,674.274,400.434,15.463
680,927,31,683.010,401.909,16.928
681,927,923,688.355,414.051,17.947
682,910,18,685.773,409.412,16.831
683,910,904,696.759,412.751,17.180
684,937,28,683.090,407.115,17.454
685,938,925,687.498,406.013,18.770
686,938,934,688.540,408.499,17.064
687,948,23,687.036,407.745,17.628
688,948,938,703.688,413.569,17.654
689,940,30,712.934,428.201,17.922
690,939,502,680.709,406.286,17.541
691,939,939,679.404,402.394,17.476
692,943,34,689.797,409.265,17.719
693,943,942,684.950,407.243,17.460
694,957,18,687.965,410.166,17.750
695,957,942,699.511,413.880,17.979
696,968,33,696.518,411.166,18.859
697,969,956,683.853,404.494,18.751
698,969,969,673.898,400.129,18.624
699,980,32,696.033,414.567,18.686
700,979,953,691.707,415.901,18.475
701,1000,36,692.665,407.507,19.038
702,1000,994,689.298,410.263,19.723
703,1000,998,694.789,415.392,19.603
704,1000,32,687.081,398.866,20.392
705,1000,981,690.020,409.854,19.187
706,987,42,700.482,405.949,21.126
707,988,980,705.351,424.681,18.921
708,994,34,692.933,409.988,18.949
709,994,990,686.207,410.852,19.830
710,994,992,693.398,414.342,20.970
711,1000,37,698.467,408.075,20.156
712,1000,988,684.152,408.103,19.151
713,1000,40,699.214,414.607,19.567
714,1000,998,698.320,420.012,19.438
715,1000,1000,689.560,409.904,19.481
716,1000,40,699.160,414.457,19.658
717,1000,995,702.871,422.947,20.822
718,1000,39,704.999,419.931,19.535
719,1000,996,686.947,409.760,19.145
720,1000,27,688.411,408.070,19.853
721,1000,997,686.556,406.031,19.203
722,1000,1000,684.150,404.272,19.715
723,1000,41,703.457,420.888,19.926
724,1000,996,690.721,413.316,19.491
725,1000,40,705.182,418.286,19.334
726,1000,1000,685.938,412.182,19.902
727,1000,1000,691.138,414.635,19.637
728,1000,32,712.905,428.759,19.273
729,1000,996,706.171,428.174,19.731
730,1000,36,716.679,431.948,19.813
731,1000,998,703.099,416.889,19.462
732,1000,29,701.499,413.924,19.996
733,1000,1000,694.537,418.103,19.993
734,1000,1000,686.911,409.438,19.715
735,1000,32,699.730,415.001,19.465
736,1000,999,716.829,433.977,20.609
737,1000,38,690.086,410.358,19.428
738,1000,999,702.126,411.253,19.771
739,1000,1000,690.028,414.161,20.209
740,1000,31,699.440,417.805,19.649
741,1000,999,699.160,427.238,19.204
742,1000,33,692.155,415.849,19.237
743,1000,998,691.668,411.817,19.158
744,1000,40,700.075,419.497,19.457
745,1000,999,715.853,422.433,20.938
746,1000,1000,687.546,410.238,19.346
747,1000,32,699.122,415.527,19.831
748,1000,999,692.580,411.116,19.806
749,1000,28,708.601,423.203,19.744
750,1000,555,687.020,409.539,19.775
751,1000,1000,692.670,417.580,19.700
752,1000,38,723.329,429.635,19.500
753,1000,998,685.892,411.196,19.680
754,1000,29,698.033,414.421,20.121
755,1000,994,687.089,412.183,19.425
756,1000,25,699.313,419.057,19.432
757,1000,993,695.816,414.691,20.320
758,1000,1000,682.148,406.848,19.315
759,1000,42,693.373,413.606,19.201
760,1000,993,700.918,425.870,20.416
761,1000,28,705.115,420.142,19.288
762,1000,999,692.828,420.453,19.765
763,1000,1000,691.153,415.343,19.873
764,1000,33,691.147,406.414,19.706
765,1000,995,699.713,419.818,20.170
766,1000,36,705.624,423.536,19.641
767,1000,998,694.405,418.672,19.337
768,1000,26,697.733,412.953,19.227
769,1000,1000,692.145,412.743,20.028
770,1000,1000,701.211,425.070,19.398
771,1000,30,704.659,421.591,19.221
772,1000,990,702.607,420.747,20.342
773,1000,25,707.139,421.265,19.213
774,1000,991,706.989,430.486,19.937
775,1000,999,697.658,419.406,19.264
776,1000,21,700.073,418.245,19.834
777,1000,994,698.720,422.618,19.785
778,1000,26,703.242,423.735,19.690
779,1000,1000,700.062,421.348,19.602
780,1000,29,697.852,417.376,19.394
781,1000,1000,717.821,426.244,19.657
782,1000,1000,757.639,475.188,19.967
783,1000,31,727.144,437.014,20.094
784,1000,1000,698.742,422.229,19.021
785,1000,27,701.714,418.598,20.066
786,1000,998,710.708,431.038,19.644
787,1000,1000,689.608,414.602,19.468
788,1000,35,715.903,431.174,19.644
789,1000,1000,700.980,424.440,19.898
790,1000,29,704.267,419.677,19.422
791,1000,1000,698.623,417.944,19.472
792,1000,6,690.746,410.072,19.612
793,1000,996,693.173,414.219,19.799
794,1000,1000,687.171,415.133,19.575
795,1000,19,712.188,409.876,19.467
796,1000,990,691.437,416.994,19.424
797,1000,23,715.401,424.700,19.348
798,1000,993,700.379,419.578,19.217
799,1000,1000,698.095,415.724,19.675
800,1000,21,696.717,416.328,20.162
801,1000,994,690.993,411.773,19.383
802,1000,30,713.571,425.289,19.613
803,1000,996,713.652,432.674,19.313
804,1000,30,707.853,419.119,19.916
805,1000,994,686.715,406.950,20.141
806,1000,1000,691.479,415.990,19.585
807,1000,24,694.995,412.809,19.418
808,1000,1000,695.895,410.269,19.537
809,1000,31,710.547,421.179,19.634
810,1000,524,690.249,408.306,19.448
811,1000,1000,694.387,418.961,19.545
812,1000,24,714.308,416.132,19.986
813,1000,999,682.188,404.568,19.800
814,1000,24,692.466,414.096,19.605
815,1000,987,688.125,403.486,19.589
816,1000,17,695.808,402.218,19.360
817,1000,993,685.576,408.772,19.052
818,1000,1000,689.957,414.608,19.762
819,1000,20,692.452,410.698,19.959
820,1000,992,676.935,401.243,19.248
821,1000,22,684.023,398.134,20.946
822,1000,1000,683.898,404.124,19.193
823,1000,1000,679.162,402.995,19.475
824,1000,28,716.270,433.573,19.724
825,1000,992,692.674,418.424,19.419
826,1000,36,709.744,426.348,19.279
827,1000,997,671.971,395.738,19.790
828,1000,23,693.488,412.991,19.817
829,1000,995,679.631,400.648,19.494
830,1000,1000,683.024,404.629,19.518
831,1000,36,712.865,417.412,19.569
832,1000,989,679.196,406.096,19.854
833,1000,28,690.843,404.926,19.855
834,1000,998,680.506,402.736,19.563
835,1000,1000,700.515,422.645,19.705
836,1000,26,694.991,407.489,19.733
837,1000,999,684.021,404.898,19.751
838,1000,26,700.742,413.675,19.722
839,1000,1000,681.474,406.160,19.620
840,1000,22,699.263,411.647,19.539
841,1000,999,677.063,395.734,19.868
842,1000,1000,681.727,404.623,20.749
843,1000,19,688.624,403.400,19.511
844,1000,997,671.295,397.061,19.351
845,1000,12,694.942,401.464,20.252
846,1000,997,676.277,398.757,19.488
847,1000,1000,681.891,405.598,19.594
848,1000,25,697.030,413.177,19.556
849,1000,999,671.623,396.783,19.771
850,1000,19,681.580,395.940,19.766
851,1000,997,680.010,402.429,19.346
852,1000,26,686.466,400.239,19.859
853,1000,998,686.702,406.396,19.242
854,1000,1000,685.192,402.922,19.955
855,1000,21,681.157,403.822,19.141
856,1000,987,690.192,409.558,19.762
857,1000,12,694.454,403.068,20.687
858,1000,991,684.426,404.618,19.462
859,1000,1000,689.906,413.650,20.077
860,1000,16,694.053,410.466,19.392
861,1000,998,690.908,414.623,19.675
862,1000,23,685.480,405.197,20.411
863,1000,999,689.174,413.311,19.344
864,1000,19,687.966,403.538,19.541
865,1000,998,692.923,416.153,19.492
866,1000,1000,683.043,405.071,19.331
867,1000,16,701.326,411.223,20.720
868,1000,993,687.998,406.827,19.747
869,1000,15,680.456,396.450,21.115
870,1000,538,683.525,405.209,19.690
871,1000,1000,682.892,404.719,20.029
872,1000,19,686.944,400.664,19.763
873,1000,978,676.820,397.501,19.113
874,1000,26,693.938,404.336,19.084
875,1000,978,672.132,399.119,19.430
876,1000,25,684.915,401.216,19.704
877,1000,981,688.958,403.589,19.795
878,1000,1000,671.571,395.041,19.537
879,1000,19,687.906,406.790,19.276
880,1000,989,683.312,406.638,19.669
881,1000,20,712.501,411.613,21.589
882,1000,991,688.862,402.760,21.757
883,1000,998,696.107,419.883,19.659
884,1000,33,691.526,405.619,19.063
885,1000,992,690.665,407.287,19.289
886,1000,25,700.466,413.664,19.394
887,1000,995,676.490,401.770,19.855
888,1000,22,698.576,412.830,19.414
889,1000,1000,689.312,410.529,20.529
890,1000,1000,681.670,406.530,19.389
891,1000,20,693.289,408.840,19.404
892,1000,995,701.325,420.444,19.420
893,1000,5,716.328,421.043,19.567
894,1000,1000,718.869,428.763,19.997
895,1000,1000,708.441,421.300,20.337
896,1000,16,720.506,427.883,20.115
897,1000,998,710.269,428.323,19.631
898,1000,20,725.255,424.513,19.744
899,1000,999,703.820,410.468,19.358
900,1000,18,697.901,416.768,19.078
901,1000,1000,746.457,448.352,19.459
902,1000,1000,710.542,433.157,19.363
903,1000,18,740.672,448.044,19.476
904,1000,999,709.675,426.333,19.630
905,1000,23,708.356,423.774,19.624
906,1000,1000,721.369,443.188,19.849
907,1000,1000,697.271,417.279,19.759
908,1000,18,711.738,419.691,19.657
909,1000,999,701.708,424.907,19.457
910,1000,29,734.892,444.993,19.797
911,1000,997,699.173,420.481,20.400
912,1000,12,698.992,418.801,19.682
913,1000,999,700.669,424.267,20.009
914,1000,1000,730.453,448.417,20.050
915,1000,29,707.305,424.511,19.224
916,1000,990,700.226,424.280,19.250
917,1000,20,714.291,431.365,20.167
918,1000,999,702.613,420.728,19.192
919,1000,998,703.150,425.790,19.468
920,1000,26,718.754,431.134,19.923
921,1000,996,699.004,424.491,19.647
922,1000,21,709.728,426.073,20.143
923,1000,999,701.254,424.914,20.236
924,1000,21,724.272,445.304,19.569
925,1000,994,703.809,424.156,19.372
926,1000,1000,697.952,420.872,19.999
927,1000,16,709.264,428.272,20.141
928,1000,988,704.010,425.022,20.517
929,1000,23,700.290,414.623,19.932
930,1000,554,700.338,419.756,19.515
931,1000,1000,713.360,438.230,19.466
932,1000,20,711.548,426.055,19.752
933,1000,982,697.871,418.767,19.870
934,1000,31,714.603,430.920,20.080
935,1000,994,701.012,423.109,19.498
936,1000,30,712.130,428.692,19.332
937,1000,970,707.214,430.606,19.635
938,1000,1000,716.180,440.919,19.637
939,1000,29,734.611,443.739,22.683
940,1000,995,717.849,436.546,19.591
941,1000,21,716.448,433.779,19.757
942,1000,993,720.924,442.944,19.597
943,1000,998,733.463,451.908,19.937
944,1000,20,744.047,455.907,20.788
945,1000,999,755.839,472.983,19.716
946,1000,35,735.622,450.096,19.617
947,1000,999,739.641,461.312,20.012
948,1000,32,715.278,433.500,19.764
949,1000,992,714.220,430.020,20.075
950,1000,999,710.892,434.602,19.707
951,1000,31,721.980,436.140,19.552
952,1000,990,720.196,437.292,19.572
953,1000,30,714.381,431.847,20.015
954,1000,998,713.126,433.421,19.322
955,1000,1000,704.964,424.059,19.791
956,1000,34,722.613,437.602,19.589
957,1000,989,704.891,430.346,19.287
958,1000,25,725.153,431.052,19.234
959,1000,1000,711.673,430.001,19.477
960,1000,32,710.375,422.620,19.186
961,1000,1000,717.464,432.458,19.663
962,1000,1000,705.362,426.756,19.870
963,1000,32,725.929,435.787,19.579
964,1000,997,701.388,419.050,19.568
965,1000,27,723.985,435.205,19.208
966,1000,998,707.629,424.468,19.694
967,1000,1000,703.400,423.302,19.403
968,1000,43,708.437,421.934,19.512
969,1000,998,703.717,428.362,19.780
970,1000,32,710.984,429.080,19.689
971,1000,999,698.546,417.931,19.674
972,1000,24,724.229,432.894,19.768
973,1000,996,717.520,436.345,20.017
974,1000,1000,707.340,428.806,19.296
975,1000,27,717.990,430.177,20.254
976,1000,982,710.872,429.634,19.430
977,1000,20,715.779,434.497,19.575
978,1000,996,717.585,434.118,20.099
979,1000,1000,716.424,426.214,20.162
980,1000,18,726.421,437.254,19.214
981,1000,995,712.578,435.428,19.670
982,1000,24,711.529,429.241,19.598
983,1000,999,709.209,429.994,19.616
984,1000,32,718.087,432.660,19.900
985,1000,986,712.642,431.322,19.719
986,1000,1000,725.922,440.558,19.180
987,1000,25,714.339,430.880,19.560
988,1000,989,711.617,429.208,20.332
989,1000,28,711.413,432.360,19.402
990,1000,551,711.074,435.108,19.348
991,1000,999,712.997,427.275,20.083
992,1000,6,720.665,437.567,19.720
993,1000,972,716.622,429.629,19.708
994,1000,27,718.881,433.599,19.459
995,1000,996,712.296,437.406,19.721
996,1000,33,743.990,446.913,19.959
997,1000,989,712.805,433.161,20.405
998,1000,1000,715.820,438.331,20.486
999,1000,30,736.643,453.861,20.024
1000,1000,994,718.045,439.568,20.022
1001,1000,34,714.862,433.413,19.771
1002,1000,985,718.224,439.977,19.650
1003,1000,998,705.244,431.168,19.755
1004,1000,23,717.360,436.635,19.544
1005,1000,982,706.541,430.294,19.266
1006,1000,16,717.567,435.816,19.340
1007,1000,992,719.132,442.781,19.432
1008,1000,27,720.558,437.512,19.735
1009,1000,981,714.914,439.871,19.801
1010,1000,994,707.945,426.548,19.380
1011,1000,23,714.312,433.122,20.228
1012,1000,981,701.967,426.901,19.517
1013,1000,32,723.179,441.317,20.426
1014,1000,992,721.394,441.183,19.625
1015,1000,999,711.505,435.682,19.543
1016,1000,27,707.773,427.247,19.516
1017,1000,997,712.474,435.368,19.524
1018,1000,19,721.532,429.865,20.547
1019,1000,991,705.551,429.306,18.977
1020,1000,24,707.462,428.275,19.975
1021,1000,1000,725.260,439.416,19.794
1022,1000,1000,701.656,426.325,19.619
1023,1000,29,708.439,424.448,19.546
1024,1000,997,711.082,428.994,20.493
1025,1000,26,712.774,426.095,19.435
1026,1000,998,701.142,421.809,19.923
1027,1000,1000,706.658,430.595,19.816
1028,1000,27,718.156,438.306,19.501
1029,1000,990,708.388,427.672,19.279
1030,1000,23,707.621,426.195,19.913
1031,1000,995,706.200,430.438,20.295
1032,1000,17,713.754,435.436,19.940
1033,1000,998,715.947,434.826,19.726
1034,1000,1000,699.476,424.594,19.312
1035,1000,25,733.757,447.371,19.819
1036,1000,999,708.240,427.570,19.599
1037,1000,23,722.598,435.291,20.417
1038,1000,999,706.713,431.710,19.214
1039,1000,999,704.298,428.585,19.774
1040,1000,21,730.811,439.840,19.556
1041,1000,987,704.225,430.657,19.355
1042,1000,21,722.550,436.800,19.447
1043,1000,997,736.324,447.945,19.947
1044,1000,20,739.635,446.907,19.757
1045,1000,993,740.444,438.950,22.195
1046,1000,998,750.625,447.874,19.850
1047,1000,14,746.824,453.869,19.964
1048,1000,981,745.595,453.444,19.133
1049,1000,24,716.476,432.178,19.614
1050,1000,563,702.085,422.531,19.818
1051,1000,1000,699.361,421.714,19.439
1052,1000,18,708.300,424.190,19.744
1053,1000,985,695.915,418.007,19.086
1054,1000,21,707.634,421.895,19.586
1055,1000,990,714.263,422.759,19.761
1056,1000,19,708.779,422.618,19.585
1057,1000,987,703.085,426.798,19.156
1058,1000,1000,706.569,426.269,20.323
1059,1000,16,707.304,425.140,19.393
1060,1000,998,707.707,425.845,19.208
1061,1000,15,697.690,415.833,19.449
1062,1000,997,705.722,419.866,19.644
1063,1000,1000,697.878,420.043,19.972
1064,1000,22,699.390,416.288,19.721
1065,1000,996,693.082,415.410,19.747
1066,1000,21,693.143,411.335,19.572
1067,1000,999,689.835,409.821,19.494
1068,1000,29,684.270,404.276,20.138
1069,1000,989,701.640,419.478,19.450
1070,1000,999,688.726,415.924,19.091
1071,1000,23,698.006,413.849,19.617
1072,1000,987,693.463,414.666,20.218
1073,1000,16,696.245,413.876,19.236
1074,1000,997,702.074,421.550,20.091
1075,1000,999,693.797,413.311,19.737
1076,1000,23,706.386,416.538,19.288
1077,1000,999,694.496,419.850,19.575
1078,1000,24,718.661,430.749,19.136
1079,1000,999,688.186,411.819,19.479
1080,1000,23,687.396,409.239,19.502
1081,1000,1000,687.950,407.375,19.601
1082,1000,1000,691.001,411.911,19.555
1083,1000,24,709.125,419.683,20.261
1084,1000,997,710.122,426.327,20.064
1085,1000,20,693.089,411.457,19.582
1086,1000,988,686.888,408.992,19.239
1087,1000,1000,683.828,411.136,19.496
1088,1000,29,703.242,418.642,19.809
1089,1000,997,685.109,409.916,20.747
1090,1000,5,690.242,410.680,18.995
1091,1000,984,694.863,418.263,19.533
1092,1000,24,696.115,405.719,19.579
1093,1000,995,679.287,404.579,19.850
1094,1000,1000,691.894,414.756,19.405
1095,1000,18,689.338,406.496,19.383
1096,1000,994,682.259,406.825,19.164
1097,1000,30,707.072,425.347,19.420
1098,1000,994,705.895,418.938,19.473
1099,1000,1000,706.205,428.123,19.972
1100,1000,28,691.746,412.155,19.899
1101,1000,990,726.236,433.706,23.332
1102,1000,22,727.765,442.120,19.873
1103,1000,991,752.899,440.113,25.139
1104,1000,23,824.232,520.101,21.521
1105,1000,990,769.768,475.155,21.964
1106,1000,999,885.046,548.814,22.078
1107,1000,22,749.852,456.805,21.399
1108,1000,975,718.890,423.006,24.590
1109,1000,20,710.716,421.334,23.092
1110,1000,496,711.316,421.789,20.435
1111,1000,998,747.847,445.445,21.066
1112,1000,14,728.986,430.104,20.619
1113,1000,996,778.926,460.304,25.967
1114,1000,15,753.708,457.470,20.058
1115,1000,984,694.904,418.993,19.301
1116,1000,19,702.108,420.564,20.962
1117,1000,983,762.572,425.485,26.380
1118,1000,1000,735.348,451.916,22.281
1119,1000,11,725.697,442.579,21.425
1120,1000,969,734.024,438.619,23.925
1121,999,10,707.708,419.245,20.166
1122,1000,991,713.271,433.202,22.775
1123,1000,1000,717.792,420.039,22.934
1124,962,19,733.078,425.183,19.849
1125,963,920,718.860,436.553,19.020
1126,972,24,703.307,408.173,21.633
1127,972,966,690.403,408.202,19.090
1128,976,14,735.822,441.014,18.695
1129,974,951,776.435,463.172,22.897
1130,974,973,744.421,451.777,19.553
1131,969,14,795.439,486.792,24.871
1132,969,945,742.324,451.638,20.578
1133,987,20,770.931,471.891,20.877
1134,985,980,729.475,431.947,23.002
1135,985,984,724.375,433.241,21.772
1136,1000,18,755.737,459.819,23.764
1137,1000,1000,813.709,523.613,22.271
1138,1000,15,790.888,506.583,20.169
1139,1000,991,705.968,425.589,20.623
1140,1000,17,752.576,460.161,20.239
1141,1000,1000,723.429,442.746,19.322
1142,1000,1000,708.620,423.486,21.939
1143,1000,17,759.071,455.789,27.227
1144,1000,993,732.523,438.890,21.215
1145,1000,23,753.149,453.908,22.360
1146,1000,999,719.892,435.513,21.848
1147,1000,1000,713.885,419.969,24.827
1148,1000,26,792.894,479.696,33.754
1149,1000,986,701.717,424.133,19.491
1150,1000,25,760.029,430.899,37.927
1151,1000,978,957.080,620.453,31.732
1152,1000,23,767.973,470.308,21.366
1153,1000,994,700.861,418.126,19.319
1154,1000,1000,697.582,416.529,20.134
1155,1000,32,703.692,420.327,19.372
1156,1000,967,700.467,417.806,20.974
1157,1000,25,732.487,436.054,22.175
1158,1000,994,708.136,427.786,20.233
1159,1000,997,692.379,415.020,19.583
1160,1000,23,712.012,417.185,21.036
1161,1000,983,694.439,415.464,21.043
1162,1000,40,706.209,419.279,19.673
1163,1000,988,705.315,427.344,19.823
1164,1000,52,707.072,416.876,19.919
1165,1000,985,700.371,422.953,19.471
1166,1000,1000,698.066,419.918,20.238
1167,1000,39,699.296,415.420,23.012
1168,1000,982,717.321,429.893,19.497
1169,1000,46,739.416,441.333,22.181
1170,1000,608,720.999,438.771,20.975
1171,1000,1000,719.690,419.154,26.809
1172,1000,35,724.853,427.619,22.408
1173,1000,984,724.041,416.504,30.302
1174,1000,42,812.152,500.833,24.206
1175,1000,991,721.836,434.535,22.955
1176,1000,37,724.436,428.289,20.261
1177,1000,992,694.458,414.929,20.731
1178,1000,1000,706.395,418.040,20.282
1179,1000,27,722.972,433.564,21.332
1180,1000,989,724.902,436.042,21.789
1181,1000,52,716.675,434.745,19.999
1182,1000,998,703.628,423.534,19.311
1183,1000,1000,761.562,467.729,21.448
1184,1000,35,762.993,436.466,31.600
1185,1000,993,932.935,619.732,20.568
1186,1000,56,711.327,424.119,19.391
1187,1000,998,707.694,419.872,20.238
1188,1000,29,711.315,421.125,20.813
1189,1000,1000,702.672,421.610,19.814
1190,1000,1000,716.653,432.942,19.454
1191,1000,48,856.978,516.119,35.591
1192,1000,996,923.464,617.986,21.840
1193,1000,51,720.650,421.608,29.500
1194,1000,998,703.336,413.808,21.357
1195,1000,1000,796.774,493.869,23.010
1196,1000,79,729.734,434.171,19.948
1197,1000,996,704.634,427.805,20.667
1198,1000,65,711.941,421.673,20.628
1199,1000,993,723.020,411.267,45.692
1200,1000,53,800.844,491.588,20.728
1201,1000,1000,707.125,429.209,19.797
1202,1000,1000,711.650,427.397,23.635
1203,1000,51,766.507,466.444,22.257
1204,1000,999,814.521,500.091,24.821
1205,1000,72,747.944,428.571,31.885
1206,1000,997,721.600,429.025,20.558
1207,1000,1000,767.135,465.818,22.622
1208,1000,34,738.543,440.849,24.431
1209,1000,992,744.477,451.759,21.262
1210,1000,99,731.269,437.985,21.315
1211,1000,998,748.298,451.533,23.792
1212,1000,125,741.052,443.949,21.500
1213,1000,999,732.007,436.417,22.929
1214,1000,1000,747.721,450.799,21.659
1215,1000,70,806.126,455.206,51.714
1216,1000,996,783.300,485.794,23.541
1217,1000,41,755.268,436.440,27.940
1218,1000,997,749.169,445.001,23.390
1219,1000,1000,751.397,449.223,21.732
1220,1000,60,737.575,446.161,21.520
1221,1000,995,740.573,432.053,27.274
1222,1000,56,745.156,435.297,30.067
1223,1000,1000,734.904,443.596,23.771
1224,1000,58,769.252,468.335,24.409
1225,1000,992,735.077,443.467,21.346
1226,1000,1000,732.676,436.536,22.957
1227,1000,61,736.901,441.882,21.895
1228,1000,989,736.095,445.327,21.514
1229,1000,58,738.016,449.782,21.363
1230,1000,561,728.843,431.415,20.465
1231,1000,999,734.867,438.194,21.242
1232,1000,79,757.001,448.765,33.024
1233,1000,999,754.280,448.892,26.386
1234,1000,170,756.671,445.325,20.969
1235,1000,984,720.731,429.388,20.871
1236,1000,84,717.642,425.766,20.827
1237,1000,1000,739.393,443.230,21.537
1238,1000,1000,732.256,453.459,19.514
1239,1000,65,700.976,414.847,20.956
1240,1000,999,718.268,436.576,20.556
1241,1000,85,723.002,439.122,19.590
1242,1000,1000,689.116,404.199,19.184
1243,1000,997,702.578,413.441,27.017
1244,1000,102,750.096,457.966,19.898
1245,1000,991,727.902,431.191,19.793
1246,1000,146,703.640,419.527,19.543
1247,1000,998,777.981,465.734,22.819
1248,1000,151,725.051,438.978,20.791
1249,1000,995,704.775,427.073,19.046
1250,1000,1000,741.324,442.279,22.939
1251,1000,190,729.957,431.349,22.020
1252,1000,997,702.179,418.844,20.559
1253,1000,203,717.259,420.389,22.689
1254,1000,999,803.628,465.250,19.890
1255,1000,1000,731.285,440.937,20.925
1256,1000,212,714.975,422.142,20.358
1257,1000,994,717.361,439.687,19.579
1258,1000,144,734.011,442.123,20.338
1259,1000,994,736.186,444.504,20.778
1260,1000,91,723.911,436.301,20.428
1261,1000,1000,734.298,428.676,21.840
1262,1000,1000,730.084,447.201,20.316
1263,1000,115,776.220,470.792,21.821
1264,1000,992,747.246,450.257,20.561
1265,1000,469,757.025,466.407,21.150
1266,1000,1000,766.969,467.067,21.143
1267,1000,1000,699.549,417.577,23.379
1268,1000,146,741.359,442.652,28.465
1269,1000,997,710.925,429.167,24.768
1270,1000,161,729.588,439.938,21.613
1271,1000,999,737.212,441.594,24.597
1272,1000,669,781.387,486.127,26.049
1273,1000,998,739.177,448.446,25.822
1274,1000,1000,712.835,421.295,25.637
1275,1000,401,757.606,454.038,19.566
1276,1000,998,708.692,427.985,21.419
1277,1000,116,713.318,419.206,25.805
1278,1000,1000,711.896,422.436,23.783
1279,1000,1000,699.976,416.532,21.104
1280,1000,184,762.078,465.063,22.465
1281,1000,998,701.849,418.372,22.466
1282,1000,690,694.856,408.929,19.239
1283,1000,992,720.375,428.792,19.908
1284,1000,364,726.480,430.197,22.123
1285,1000,993,757.578,454.109,27.932
1286,1000,1000,707.617,424.539,21.012
1287,1000,341,741.557,451.333,19.633
1288,1000,1000,771.031,464.794,24.293
1289,1000,276,802.273,482.947,23.415
1290,1000,577,765.491,457.551,22.738
1291,1000,1000,741.465,449.565,22.997
1292,1000,273,715.150,428.810,19.339
1293,1000,997,715.574,413.739,23.989
1294,1000,422,797.942,480.940,23.825
1295,1000,999,733.205,418.831,29.513
1296,1000,301,934.290,610.037,22.982
1297,1000,999,799.009,490.930,20.278
1298,1000,1000,713.031,434.142,19.885
1299,1000,565,696.603,408.831,25.291
1300,1000,998,699.452,417.286,21.996
1301,1000,639,708.531,427.212,19.748
1302,1000,998,714.685,436.958,21.725
1303,1000,1000,698.332,414.329,23.499
1304,1000,276,696.081,412.390,19.229
1305,1000,990,755.386,450.264,42.423
1306,1000,187,729.908,436.770,21.058
1307,1000,1000,764.105,457.752,37.193
1308,1000,119,765.395,452.794,22.365
1309,1000,999,711.727,426.194,19.941
1310,1000,1000,708.688,420.095,20.215
1311,1000,65,727.793,427.688,27.564
1312,1000,999,702.940,415.406,23.466
1313,1000,75,766.135,457.197,24.700
1314,1000,997,731.971,442.566,20.805
1315,1000,1000,714.721,427.231,19.716
1316,1000,68,695.458,407.788,20.888
1317,1000,1000,791.730,475.987,24.805
1318,1000,43,732.625,440.948,21.645
1319,1000,996,695.341,410.039,21.149
1320,1000,40,697.967,416.752,19.546
1321,1000,1000,729.506,412.568,21.055
1322,1000,1000,809.886,507.970,20.801
1323,1000,90,724.489,436.452,19.708
1324,1000,994,727.393,430.037,19.849
1325,1000,51,718.088,428.228,20.027
1326,1000,998,799.504,493.702,20.889
1327,1000,1000,710.093,422.317,22.078
1328,1000,91,718.673,417.173,21.299
1329,1000,999,784.584,496.306,23.031
1330,1000,43,740.568,446.836,20.986
1331,1000,999,753.545,452.923,24.936
1332,1000,53,734.444,444.319,22.578
1333,1000,999,703.468,419.704,24.468
1334,1000,1000,706.161,426.958,21.751
1335,1000,57,701.068,418.988,19.016
1336,1000,997,700.284,416.248,20.795
1337,1000,49,714.134,419.275,20.322
1338,1000,997,721.398,435.226,19.607
1339,1000,974,699.401,420.669,19.866
1340,1000,44,716.162,423.941,19.608
1341,1000,995,705.151,427.359,19.422
1342,1000,36,712.475,424.159,19.552
1343,1000,1000,770.436,443.793,22.091
1344,1000,46,710.504,417.217,20.968
1345,1000,996,710.351,423.325,19.967
1346,1000,981,733.637,438.728,22.198
1347,1000,55,733.452,442.698,20.183
1348,1000,1000,702.031,413.797,21.838
1349,1000,54,718.546,430.217,20.749
1350,1000,602,714.288,430.213,19.658
1351,1000,1000,732.792,438.007,21.990
1352,1000,28,733.755,433.718,23.642
1353,1000,999,735.139,446.061,24.291
1354,1000,37,768.238,440.297,21.776
1355,1000,998,736.314,443.195,20.935
1356,1000,20,738.133,442.919,20.659
1357,1000,997,716.096,415.412,22.465
1358,1000,999,707.904,417.017,20.500
1359,1000,28,690.771,406.663,19.107
1360,1000,999,699.225,423.438,19.856
1361,1000,46,696.326,411.448,19.757
1362,1000,997,689.372,410.435,19.731
1363,1000,1000,680.653,402.908,19.271
1364,1000,17,698.718,406.616,19.156
1365,1000,999,696.751,417.012,19.414
1366,1000,28,708.405,429.581,19.192
1367,1000,997,686.827,409.774,19.563
1368,1000,24,688.441,408.487,19.505
1369,1000,998,690.475,412.593,19.567
1370,1000,1000,691.766,415.471,19.964
1371,1000,39,705.234,419.685,19.288
1372,1000,1000,698.448,416.335,19.470
1373,1000,24,710.365,428.415,19.430
1374,1000,999,691.523,412.623,19.405
1375,1000,1000,689.651,418.377,19.721
1376,1000,31,701.208,418.723,19.414
1377,1000,998,691.652,415.500,19.383
1378,1000,23,704.061,415.769,19.876
1379,1000,999,709.171,425.679,19.774
1380,1000,19,704.225,421.914,20.341
1381,1000,1000,707.047,426.169,19.695
1382,1000,1000,698.520,418.459,19.299
1383,1000,40,706.643,418.075,22.019
1384,1000,998,697.550,418.929,19.662
1385,1000,47,717.467,428.542,19.790
1386,1000,1000,705.145,419.131,19.777
1387,1000,1000,711.406,430.449,19.093
1388,1000,18,738.605,448.145,19.534
1389,1000,1000,702.009,421.558,19.298
1390,1000,41,704.731,421.900,19.484
1391,1000,999,702.354,426.314,19.325
1392,1000,29,713.474,433.435,19.201
1393,1000,1000,719.684,434.484,20.067
1394,1000,1000,712.540,427.547,19.430
1395,1000,35,719.412,436.715,19.299
1396,1000,1000,710.885,436.691,19.714
1397,1000,40,728.858,441.346,19.446
1398,1000,999,715.066,437.116,19.632
1399,1000,1000,716.939,437.865,19.773
1400,1000,22,740.273,457.035,19.585
1401,1000,998,725.086,446.728,19.331
1402,1000,30,730.476,442.319,19.880
1403,1000,1000,718.612,444.435,19.444
1404,1000,39,719.672,437.189,19.799
1405,1000,1000,717.586,435.183,19.266
1406,1000,1000,714.635,433.799,19.707
1407,1000,26,729.535,445.131,19.717
1408,1000,1000,725.544,450.243,19.984
1409,1000,53,725.210,440.773,19.055
1410,1000,762,712.163,438.073,19.908
1411,1000,1000,715.782,441.610,19.609
1412,1000,42,732.798,453.506,19.415
1413,1000,996,728.450,447.163,19.495
1414,1000,29,752.128,462.529,19.675
1415,1000,997,744.812,471.102,19.712
1416,1000,44,744.829,465.762,19.740
1417,1000,993,742.267,460.217,19.454
1418,1000,1000,734.404,459.640,20.202
1419,1000,61,751.750,464.566,19.958
1420,1000,995,744.722,462.363,19.750
1421,1000,61,762.009,479.292,19.279
1422,1000,1000,772.673,490.405,20.322
1423,1000,1000,745.035,472.434,20.009
1424,1000,71,746.884,467.222,19.293
1425,1000,998,740.938,465.030,19.394
1426,1000,29,748.439,464.211,19.463
1427,1000,1000,735.514,462.982,19.824
1428,1000,43,744.976,462.412,19.623
1429,1000,997,743.636,465.613,19.878
1430,1000,999,767.222,488.651,19.526
1431,1000,47,757.341,475.282,20.023
1432,1000,1000,744.408,467.715,19.683
1433,1000,37,755.644,476.685,19.657
1434,1000,1000,747.347,469.504,19.486
1435,1000,1000,743.681,459.162,20.059
1436,1000,39,745.239,465.482,20.184
1437,1000,1000,742.466,467.890,19.674
