Frame,Cell0_Detected,Cell1_Detected,Cell2_Detected,Cell3_Detected,Cell0_Matched,Cell1_Matched,Cell2_Matched,Cell3_Matched,Cell0_ProcTime_ms,Cell1_ProcTime_ms,Cell2_ProcTime_ms,Cell3_ProcTime_ms
0,175,250,250,250,0,0,0,0,302.119,201.404,197.946,221.527
1,175,250,250,250,175,250,249,250,155.293,187.958,176.315,167.503
2,175,250,250,250,175,250,250,250,142.772,170.489,166.911,169.124
3,216,250,250,250,2,2,7,9,155.375,163.725,168.682,167.747
4,210,250,250,250,164,226,176,210,154.084,167.104,165.153,168.723
5,197,250,250,250,5,10,5,9,151.021,167.541,167.623,172.423
6,202,250,250,250,181,243,242,237,146.728,165.397,168.322,170.231
7,201,250,250,250,131,163,179,192,153.617,168.59,167.559,168.841
8,215,250,250,250,6,4,2,6,159.289,170.826,166.822,167.653
9,215,250,250,250,213,245,249,248,149.985,168.596,166.343,164.4
10,182,250,250,250,7,6,2,5,145.526,171.236,170.823,176.432
11,181,250,250,250,180,250,247,250,146.007,171.778,167.827,168.827
12,164,250,250,250,5,6,1,4,140.461,181.014,170.579,175.784
13,165,250,250,250,164,250,250,250,144.972,171.656,165.452,172.262
14,165,250,250,250,165,250,250,250,143.865,170.112,167.981,169.933
15,187,250,250,250,5,3,3,6,149.859,175.556,170.188,172.991
16,186,250,250,250,185,250,250,250,150.38,172.664,175.934,171.896
17,194,250,250,250,4,1,1,9,150.269,170.68,169.261,171.888
18,194,250,250,250,193,249,250,249,151.998,164.895,166.087,166.773
19,194,250,250,250,194,250,250,250,148.741,172.147,166.517,173.059
20,168,250,250,250,5,2,2,4,154.807,180.964,178.827,183.02
21,168,250,250,250,168,250,250,248,145.832,179.785,177.36,180.55
22,176,250,250,250,9,5,2,8,154.393,179.879,180.43,176.354
23,176,250,250,250,176,250,250,250,150.946,174.182,175.009,177.376
24,169,250,250,250,9,4,4,9,143.378,174.004,175.238,175.815
25,169,250,250,250,169,250,250,250,156.475,175.201,171.343,176.213
26,169,250,250,250,169,249,250,250,145.778,175.915,175.238,176.704
27,188,250,250,250,12,10,4,9,180.246,187.398,180.968,177.016
28,188,250,250,250,188,250,249,250,171.486,184.683,242.456,208.667
29,183,250,250,250,6,7,2,2,172.047,188.502,172.811,169.769
30,187,250,250,250,72,120,114,150,155.801,181.006,176.687,197.993
31,187,250,250,250,187,250,250,250,150.022,178.318,171.304,177.553
32,179,250,250,250,10,7,2,5,150.01,172.799,172.916,170.059
33,179,250,250,250,179,249,248,250,153.156,185.637,177.013,172.441
34,176,250,250,250,7,6,5,4,155.727,180.892,175.217,186.781
35,176,250,250,250,174,246,249,246,146.409,170.287,194.727,168.879
36,180,250,250,250,5,4,7,6,163.679,176.688,175.65,176.831
37,180,250,250,250,180,250,247,249,152.955,169.37,175.843,187.274
38,180,250,250,250,180,250,250,250,148.067,182.371,184.921,172.648
39,151,250,250,250,5,4,5,12,140.41,180.125,176.643,176.734
40,151,250,250,250,150,249,250,250,142.344,180.478,173.624,171.832
41,162,250,250,250,2,7,5,6,147.611,181.053,176.794,178.437
42,162,250,250,250,162,250,250,250,148.223,177.309,175.626,175.391
43,162,250,250,250,162,250,250,250,149.956,175.865,174.29,181.984
44,170,250,250,250,5,7,7,12,164.439,182.613,179.928,195.802
45,170,250,250,250,168,249,249,250,151.263,181.81,177.214,180.453
46,162,250,250,250,6,9,4,5,155.607,182.715,181.719,219.379
47,162,250,250,250,162,249,247,250,150.179,180.998,175.072,179.586
48,174,250,250,250,4,7,4,8,163.2,175.204,173.798,177.14
49,174,250,250,250,173,249,250,246,154.361,174.69,174.482,188.175
50,174,250,250,250,174,250,249,250,149.227,170.386,174.178,170.034
51,198,250,250,250,3,1,5,8,159.045,175.834,183.248,168.874
52,198,250,250,250,195,249,248,250,153.124,181.847,166.61,171.455
53,210,250,250,250,8,7,4,10,159.458,172.942,170.207,173.829
54,210,250,250,250,210,249,248,250,184.704,246.106,194.96,214.165
55,210,250,250,250,210,250,250,250,167.147,175.358,194.797,206.206
56,224,250,250,250,5,3,6,10,222.836,220.867,209.216,249.786
57,224,250,250,250,224,250,249,250,174.32,193.988,269.897,280.202
58,205,250,250,250,7,5,8,8,250.275,241.81,223.481,233.25
59,205,250,250,250,205,250,250,250,191.709,213.035,201.174,197.756
60,186,250,250,250,4,3,7,9,153.216,186.916,268.063,191.898
61,186,250,250,250,186,250,250,250,179.642,182.499,176.716,178.785
62,186,250,250,250,186,250,250,250,157.343,185.54,202.122,197.568
63,206,250,250,250,6,5,8,4,160.581,189.642,194.859,187.687
64,206,250,250,250,206,250,250,250,171.769,197.099,197.107,228.399
65,212,250,250,250,4,8,5,12,208.069,194.25,198.255,184.23
66,212,250,250,250,211,250,250,250,182.584,189.973,233.567,189.75
67,212,250,250,250,212,250,250,250,157.24,195.574,168.405,174.227
68,219,250,250,250,7,5,9,10,164.726,176.384,178.286,178.814
69,219,250,250,250,219,250,250,250,159.224,171.842,168.051,170.41
70,201,250,250,250,2,4,8,7,167.261,176.331,176.955,175.756
71,202,250,250,250,201,250,250,250,162.383,185.587,174.091,170.797
72,205,250,250,250,2,3,5,4,159.867,177.46,174.07,175.071
73,205,250,250,250,205,250,250,250,158.757,175.109,171.115,172.609
74,205,250,250,250,205,250,250,250,166.643,193.991,178.1,182.911
75,219,250,250,250,11,5,8,12,160.601,175.606,171.122,180.782
76,219,250,250,250,219,250,249,250,164.763,181.761,175.636,178.182
77,233,250,250,250,2,1,6,3,167.288,175.377,172.871,174.695
78,233,250,250,250,233,250,248,250,166.104,190.909,172.326,172.167
79,233,250,250,250,233,250,250,250,162.441,172.68,172.251,173.57
80,250,250,250,250,8,2,2,7,168.92,173.03,169.889,169.101
81,250,250,250,250,248,250,249,250,173.043,171.395,168.689,168.52
82,250,250,250,250,7,5,5,6,169.201,171.613,169.119,179.947
83,250,250,250,250,248,250,250,250,173.286,173.646,172.574,171.689
84,250,250,250,250,8,2,5,3,169.069,171.319,170.698,177.321
85,250,250,250,250,248,250,248,250,169.088,180.66,179.196,176.163
86,250,250,250,250,250,250,250,250,167.211,169.17,167.748,171.259
87,250,250,250,250,7,8,8,13,171.905,169.228,171.883,170.7
88,250,250,250,250,249,250,250,250,173.464,176.097,175.88,173.408
89,250,250,250,250,9,8,8,5,169.65,175.518,173.32,169.099
90,250,250,250,250,120,131,133,153,175.17,174.809,172.85,173.106
91,250,250,250,250,250,250,250,250,169.896,171.123,170.909,176.877
92,250,250,250,250,3,5,4,6,195.307,189.669,250.722,238.827
93,250,250,250,250,250,250,250,250,185.432,186.054,180.857,175.51
94,250,250,250,250,7,4,4,6,177.801,179.339,179.028,176.469
95,250,250,250,250,249,250,250,250,169.783,170.306,174.494,174.144
96,250,250,250,250,14,5,3,4,175.221,175.76,170.847,170.431
97,250,250,250,250,247,245,248,250,173.701,166.676,172.239,167.363
98,250,250,250,250,250,250,250,248,167.637,168.309,165.151,168.807
99,250,250,250,250,7,3,2,5,172.556,172.575,183.867,169.995
100,250,250,250,250,250,249,250,250,165.22,175.911,173.694,169.635
101,242,250,250,250,5,0,2,2,169.692,171.207,175.342,174.338
102,242,250,250,250,242,250,250,249,162.287,169.288,169.958,179.711
103,242,250,250,250,242,250,250,250,166.94,171.625,170.924,174.062
104,250,250,250,250,3,4,4,3,166.037,171.759,172.596,167.671
105,250,250,250,250,250,249,250,248,172.182,175.625,173.488,176.922
106,250,250,250,250,10,3,9,10,172.221,174.119,191.211,184.009
107,250,250,250,250,250,250,250,250,173.984,168.125,170.558,178.829
108,250,250,250,250,5,3,6,7,167.196,171.096,173.168,179.037
109,250,250,250,250,250,248,248,250,171.154,172.32,170.715,171.48
110,250,250,250,250,250,250,250,250,161.631,166.719,166.048,168.572
111,231,250,250,250,8,5,4,12,164.601,171.838,179.51,171.986
112,231,250,250,250,231,250,250,250,163.517,166.469,168.614,173.379
113,250,250,250,250,6,4,9,9,173.246,171.33,167.361,171.726
114,250,250,250,250,250,250,250,249,168.327,173.605,168.99,171.146
115,250,250,250,250,250,250,250,250,167.674,166.162,170.861,177.147
116,237,250,250,250,6,4,6,10,167.294,172.162,175.815,174.455
117,237,250,250,250,235,249,250,250,162.709,169.468,168.836,170.071
118,224,250,250,250,5,8,9,5,160.311,171.477,178.164,170.648
119,224,250,250,250,224,250,250,250,159.999,169.756,169.844,171.6
120,229,250,250,250,5,3,8,7,166.003,175.594,176.355,187.209
121,229,250,250,250,229,250,250,250,169.712,174.357,170.718,173.558
122,229,250,250,250,229,250,250,250,167.532,172.517,169.661,175.902
123,250,250,250,250,7,4,3,7,174.91,176.406,174.791,175.038
124,250,250,250,250,249,250,250,250,166.298,172.179,169.83,170.869
125,229,250,250,250,2,6,5,3,167.438,173.479,180.917,174.971
126,229,250,250,250,226,250,250,250,164.557,172.272,175.344,177.641
127,229,250,250,250,229,250,250,250,183.614,177.441,178.205,179.498
128,240,250,250,250,6,5,7,5,175.131,169.492,171.623,174.275
129,240,250,250,250,240,250,249,250,165.456,171.37,172.165,179.778
130,213,250,250,250,6,7,6,4,164.85,176.593,174.057,174.848
131,213,250,250,250,213,250,250,250,154.942,167.863,171.74,172.989
132,221,250,250,250,2,2,11,6,162.47,176.138,170.372,172.885
133,221,250,250,250,215,250,250,250,161.377,169.332,169.085,173.845
134,221,250,250,250,221,250,250,250,161.064,171.865,170.524,181.731
135,220,250,250,250,2,5,6,8,194.328,171.639,172.234,178.521
136,220,250,250,250,220,250,250,250,163.752,176.802,180.406,181.969
137,197,250,250,250,1,3,5,11,161.95,174.753,180.043,178.644
138,197,250,250,250,196,250,250,250,155.771,172.673,170.25,173.176
139,197,250,250,250,197,250,250,250,152.835,181.152,170.376,172.816
140,187,250,250,250,3,8,7,7,154.285,174.529,176.483,174.443
141,187,250,250,250,186,250,250,250,154.258,175.276,175.847,171.999
142,191,250,250,250,6,8,10,7,176.206,193.913,173.949,180.911
143,191,250,250,250,190,250,250,250,158.676,177.138,184.529,176.024
144,179,250,250,250,1,5,4,2,158.593,182.253,181.737,181.257
145,179,250,250,250,179,250,250,250,154.256,176.93,178.444,177.973
146,179,250,250,250,179,250,250,250,153.214,172.355,177.164,173.022
147,170,250,250,250,1,4,9,10,148.26,175.626,177.798,177.878
148,170,250,250,250,169,250,250,250,151.524,174.192,181.905,187.181
149,160,250,250,250,1,6,13,6,142,186.281,181.91,174.807
150,153,250,250,250,59,140,151,176,144.575,177.104,185.603,173.444
151,153,250,250,250,153,250,250,250,148.817,175.292,178.161,179.093
152,168,250,250,250,2,1,12,9,148.334,178.483,176.402,174.979
153,168,250,250,250,168,250,250,250,150.729,173.501,169.171,173.513
154,149,250,250,250,0,6,3,9,144.599,177.81,177.498,179.718
155,148,250,250,250,147,248,246,249,140.467,173.813,174.124,180.4
156,163,250,250,250,2,5,2,3,146.15,171.719,178.142,191.34
157,163,250,250,250,162,250,249,249,146.23,173.36,180.157,171.442
158,163,250,250,250,163,250,250,250,150.197,178.306,175.601,177.278
159,161,250,250,250,2,8,7,7,152.321,181.992,186.069,185.537
160,160,250,250,250,159,250,249,248,149.98,178,173.477,175.505
161,157,250,250,250,5,11,6,4,146.115,178.715,173.994,183.737
162,156,250,250,250,156,250,250,249,147.04,178.705,179.307,178.416
163,156,250,250,250,155,249,249,250,145.781,178.544,179.467,178.712
164,150,250,250,250,1,6,3,6,144.977,183.387,182.886,179.845
165,150,250,250,250,150,250,250,250,151.831,176.99,174.598,176.045
166,151,250,250,250,1,14,3,8,146.704,179.98,176.883,179.244
167,151,250,250,250,149,249,250,250,144.601,174.801,172.03,174.603
168,150,250,250,250,2,14,8,7,148.63,182.04,180.154,184.671
169,150,250,250,250,150,250,250,250,144.757,175.919,178.023,177.534
170,150,250,250,250,150,250,249,250,145.82,178.523,180.543,180.282
171,139,250,250,250,2,8,7,2,144.748,180.428,186.764,181.966
172,139,250,250,250,138,250,250,247,140.552,182.741,180.936,176.305
173,146,250,250,250,4,13,7,6,148.742,180.211,179.128,176.739
174,146,250,250,250,146,250,250,250,146.52,182.112,179.321,179.237
175,146,250,250,250,146,250,249,250,141.859,177.591,177.63,179.308
176,158,250,250,250,2,7,8,3,160.373,180.666,175.57,178.562
177,158,250,250,250,158,248,249,250,142.851,179.107,177.919,182.127
178,139,250,250,250,2,4,2,3,144.916,179.863,186.288,181.912
179,139,250,250,250,139,250,249,250,139.943,175.321,176.403,180.912
180,161,250,250,250,2,3,2,5,150.006,176.213,176.18,177.433
181,161,250,250,250,161,250,250,250,147.863,177.573,175.265,174.325
182,161,250,250,250,161,250,250,250,148.539,182.245,178.343,182.322
183,134,250,250,250,3,2,2,9,144.649,179.022,175.651,177.542
184,134,250,250,250,134,250,246,248,137.274,175.613,175.683,175.634
185,138,250,250,250,0,3,4,8,146.778,184.065,178.461,173.943
186,138,250,250,250,132,250,247,250,138.34,177.556,175.011,177.754
187,138,250,250,250,138,250,250,250,134.627,171.497,172.542,174.045
188,136,250,250,250,4,2,4,2,143.463,183.732,178.571,176.866
189,136,250,250,250,136,249,250,250,136.273,177.875,170.629,174.175
190,140,250,250,250,0,2,2,5,142.57,183.997,178.254,177.099
191,140,250,250,250,136,250,250,249,140.723,171.828,174.532,174.247
192,126,250,250,250,1,9,2,4,132.816,174.442,173.951,200.086
193,126,250,250,250,125,250,249,250,136.234,178.753,178.688,184.462
194,126,250,250,250,126,250,250,250,134.268,173.867,174.382,178.352
195,139,250,250,250,2,3,2,8,139.656,173.648,182.514,174.443
196,139,250,250,250,137,250,250,249,137.784,176.312,172.046,177.127
197,155,250,250,250,3,10,4,6,145.621,177.045,171.731,175.344
198,155,250,250,250,154,250,250,250,145.064,181.89,173.447,173.058
199,155,250,250,250,155,250,250,250,144.185,174.921,180.507,175.164
200,118,250,250,250,0,1,0,0,134.862,178.212,173.633,178.362
201,119,250,250,250,118,249,249,249,140.429,175.856,174.672,192.505
202,151,250,250,250,1,1,10,1,144.303,177.996,177.33,186.827
203,151,250,250,250,151,249,250,250,146.897,180.061,174.042,176.617
204,152,250,250,250,2,6,1,1,143.804,177.068,172.4,176.084
205,152,250,250,250,151,244,249,249,143.79,185.946,178.274,173.585
206,152,250,250,250,151,250,250,250,142.703,175.402,178.57,175.47
207,185,250,250,250,5,9,4,6,156.108,171.393,170.032,172.135
208,185,250,250,250,185,249,248,250,151.956,173.758,172.405,170.822
209,174,250,250,250,3,11,1,4,151.411,185.424,174.295,178.779
210,168,250,250,250,77,137,159,138,145.755,176.872,168.944,170.278
211,168,250,250,250,168,250,250,250,144.147,177.378,170.776,176.374
212,153,250,250,250,0,5,6,6,149.583,172.628,176.184,175.844
213,153,250,250,250,152,249,247,250,143.163,176.642,173.535,176.7
214,163,250,250,250,1,9,4,1,145.31,182.985,181.036,174.608
215,164,250,250,250,162,249,250,246,145.95,175.189,167.63,170.198
216,143,250,250,250,4,2,5,3,140.638,181.255,181.88,177.471
217,143,250,250,250,141,231,245,246,142.015,176.031,175.633,173.876
218,143,250,250,250,143,249,250,246,145.656,172.775,173.356,180.45
219,162,250,250,250,1,2,11,1,149.43,179.825,176.396,185.039
220,162,250,250,250,162,250,250,249,142.625,180.592,168.821,170.413
221,157,250,250,250,1,7,7,6,147.526,179.252,178.81,192.471
222,157,250,250,250,157,250,248,250,143.319,173.506,175.731,170.178
223,157,250,250,250,157,250,250,250,142.917,173.675,172.852,174.43
224,165,250,250,250,2,2,3,2,147.194,173.8,167.488,176.003
225,165,250,250,250,163,250,247,250,147.255,177.336,169.327,173.939
226,164,250,250,250,7,4,9,2,146.279,174.807,172.945,174.978
227,164,250,250,250,164,250,250,250,145.247,174.721,172.611,171.543
228,143,250,250,250,0,6,9,1,149.516,180.473,180.398,182.816
229,143,250,250,250,139,250,249,250,140.249,174.912,172.289,181.637
230,143,250,250,250,143,250,250,250,142.823,177.992,177.93,176.862
231,161,250,250,250,2,14,5,2,149.844,179.167,175.574,178.795
232,162,250,250,250,160,250,246,250,144.846,173.107,176.135,170.685
233,165,250,250,250,3,7,5,3,152.738,177.473,173.588,174.927
234,165,250,250,250,165,250,250,250,144.3,171.423,169.007,173.632
235,165,250,250,250,165,250,250,250,148.708,175.701,170.008,174.483
236,177,250,250,250,2,3,3,3,163.436,179.246,171.231,171.357
237,177,250,250,250,177,246,250,250,149.674,171.475,171.077,169.574
238,166,250,250,250,1,7,7,6,147.46,179.443,174.999,177.596
239,166,250,250,250,165,250,250,250,144.643,171.214,176.477,172.415
240,184,250,250,250,1,2,7,1,150.765,177.124,174.801,175.769
241,184,250,250,250,184,250,250,250,149.712,172.007,172.136,173.422
242,184,250,250,250,184,250,250,250,156.57,187.363,175.023,177.95
243,199,250,250,250,5,5,5,3,157.291,171.834,189.413,174.988
244,199,250,250,250,197,250,250,250,151.91,176.606,170.182,167.779
245,181,250,250,250,4,8,7,6,156.973,173.273,170.406,174.623
246,181,250,250,250,175,250,250,250,150.425,171.685,175.916,180.097
247,181,250,250,250,181,250,250,250,148.577,172.721,172.792,171.461
248,153,250,250,250,6,7,2,3,151.415,173.419,174.105,175.696
249,153,250,250,250,153,250,250,250,141.948,174.452,174.151,174.652
250,163,250,250,250,1,6,3,5,151.016,182.077,179.814,175.013
251,163,250,250,250,163,250,249,250,141.341,168.114,170.186,168.231
252,190,250,250,250,1,3,7,1,155.417,168.943,170.341,166.561
253,190,250,250,250,190,250,250,248,154.682,173.883,168.708,172.031
254,190,250,250,250,190,250,250,250,146.436,172.268,168.856,172.784
255,188,250,250,250,5,3,8,2,153.829,172.078,168.054,170.756
256,188,250,250,250,188,250,250,250,147.01,171.296,172.969,172.367
257,176,250,250,250,3,0,6,2,147.495,175.702,177.912,177.663
258,176,250,250,250,176,250,250,250,144.781,168.03,169.118,172.547
259,176,250,250,250,176,250,250,250,149.124,171.879,171.06,167.693
260,183,250,250,250,4,5,7,5,150.494,176.426,174.139,174.963
261,185,250,250,250,183,250,250,250,149.087,171.662,169.482,171.696
262,175,250,250,250,3,11,10,6,148.728,174.469,170.762,181.74
263,175,250,250,250,174,250,250,249,152.891,170.711,173.756,173.335
264,184,250,250,250,2,7,18,7,148.33,178.227,171.79,175.685
265,184,250,250,250,184,249,250,250,151.08,183.622,166.283,168.347
266,184,250,250,250,184,250,250,250,149.462,167.776,173.542,170.494
267,169,250,250,250,2,5,7,5,146.892,173.726,170.425,171.086
268,169,250,250,250,168,250,250,250,144.661,171.032,167.694,166.511
269,172,250,250,250,2,5,8,10,148.812,175.563,180.91,172.953
270,173,250,250,250,67,126,133,121,148.954,176.644,172.227,176.337
271,173,250,250,250,172,250,250,250,146.972,193.31,173.452,171.997
272,180,250,250,250,5,10,6,4,166.727,176.734,178.916,187.439
273,180,250,250,250,179,250,249,250,147.944,169.774,165.33,176.268
274,183,250,250,250,5,5,4,3,160.755,177.728,178.679,175.573
275,183,250,250,250,183,250,248,250,163.793,173.394,170.97,171.425
276,163,250,250,250,1,12,8,10,155.152,186.613,188.695,180.803
277,163,250,250,250,160,247,246,247,154.952,176.945,174.257,174.571
278,163,250,250,250,163,250,249,249,145.979,175.206,171.511,171.93
279,178,250,250,250,2,6,4,12,152.65,172.675,175.818,170.807
280,179,250,250,250,172,249,244,250,146.267,173.121,165.988,172.648
281,168,250,250,250,1,6,5,7,145.546,170.442,170.296,170.12
282,168,250,250,250,167,250,250,250,150.175,169.022,169.488,168.121
283,168,250,250,250,168,250,250,250,138.048,166.331,170.618,173.993
284,199,250,250,250,2,2,4,4,152.298,169.763,169.229,170.078
285,199,250,250,250,197,249,247,247,170.846,177.094,176.527,178.325
286,190,250,250,250,2,5,8,2,156.641,191.811,177.249,187.322
287,190,250,250,250,189,250,248,246,155.131,170.129,172.983,204.22
288,189,250,250,250,0,8,1,4,168.643,193.227,193.936,191.987
289,189,250,250,250,185,250,250,248,163.623,182.275,169.676,174.77
290,189,250,250,250,189,250,250,250,165.085,190.363,187.909,192.95
291,161,250,250,250,3,4,4,3,154.548,181.858,176.167,190.537
292,161,250,250,250,159,250,249,244,145.78,179.233,171.883,173.929
293,171,250,250,250,3,18,1,2,160.675,196.344,203.53,192.122
294,171,250,250,250,167,250,247,250,164.847,182.647,174.564,176.83
295,171,250,250,250,171,250,250,249,156.385,184.88,188.647,199.696
296,191,250,250,250,2,5,3,5,168.24,183.969,183.34,183.61
297,191,250,250,250,191,246,248,249,149.074,170.383,168.404,169.303
298,202,250,250,250,0,5,0,2,157.6,173.284,171.498,171.518
299,202,250,250,250,202,249,250,250,151.298,168.561,168.869,171.824
300,210,250,250,250,0,6,2,2,154.982,171.578,170.054,173.41
301,210,250,250,250,210,250,250,250,153.215,176.26,168.038,168.745
302,210,250,250,250,210,250,250,250,154.215,166.591,166.922,170.859
303,224,250,250,250,1,2,1,7,159.682,166.67,165.385,167.082
304,224,250,250,250,223,250,250,249,166.585,167.884,168.809,168.928
305,234,250,250,250,6,2,0,5,163.615,170.619,167.78,169.205
306,234,250,250,250,233,250,249,250,173.54,179.668,189.757,184.748
307,234,250,250,250,234,250,250,250,173.435,180.644,188.643,188.242
308,223,250,250,250,3,6,2,3,171.184,181.565,172.58,172.006
309,224,250,250,250,222,250,250,250,169.329,178.31,178.638,173.15
310,248,250,250,250,2,1,5,4,214.027,201.3,185.502,188.837
311,248,250,250,250,247,246,250,250,192.159,206.904,221.635,206.196
312,239,250,250,250,0,13,6,3,194.634,245.801,176.247,196.951
313,239,250,250,250,236,250,250,250,166.239,179.532,171.189,176.536
314,239,250,250,250,239,250,250,250,214.116,188.396,187.99,219.997
315,248,250,250,250,3,3,0,2,171.924,176.654,173.771,186.082
316,248,250,250,250,243,250,246,250,171.255,176.251,174.092,176.357
317,231,250,250,250,2,1,2,2,167.854,188.56,175.127,175.341
318,231,250,250,250,231,250,250,248,163.083,173.05,172.618,172.067
319,231,250,250,250,231,250,250,250,164.377,175.003,174.062,173.82
320,212,250,250,250,5,2,3,8,167.994,175.459,174.845,175.413
321,212,250,250,250,211,250,250,250,161.055,175.032,182.533,181.216
322,223,250,250,250,3,11,1,4,163.1,174.732,172.782,176.206
323,223,250,250,250,220,250,250,250,162.972,176.128,171.893,171.488
324,230,250,250,250,3,2,1,4,167.401,176.494,172.508,173.058
325,230,250,250,250,229,250,250,250,164.208,174.279,171.628,172.24
326,230,250,250,250,230,250,250,250,167.456,171.969,171.079,170.989
327,233,250,250,250,2,6,1,6,167.75,174.548,175.149,173.601
328,232,250,250,250,226,247,249,250,174.22,184.842,190.657,179.437
329,236,250,250,250,0,3,2,2,176.785,171.596,173.094,172.643
330,230,250,250,250,96,125,119,158,157.649,171.386,171.327,168.483
331,230,250,250,250,230,250,250,250,165.139,171.748,169.976,171.109
332,228,250,250,250,1,2,0,8,157.139,169.577,168.13,175.556
333,228,250,250,250,225,250,250,250,160.616,168.458,169.786,171.634
334,250,250,250,250,1,4,4,4,164.007,169.078,166.82,169.121
335,250,250,250,250,235,244,238,249,166.459,166.992,175.374,177.304
336,250,250,250,250,3,10,3,3,168.453,168.833,167.538,168.299
337,250,250,250,250,242,245,246,247,160.925,167.679,164.971,168.375
338,250,250,250,250,250,250,250,250,163.469,181.05,166.054,171.067
339,250,250,250,250,4,3,1,3,170.166,173.745,171.242,168.627
340,250,250,250,250,242,248,245,249,163.438,170.084,164.746,165.888
341,250,250,250,250,2,4,3,9,171.314,171.956,169.146,169.389
342,250,250,250,250,240,243,244,250,163.954,163.206,164.832,171.449
343,250,250,250,250,250,250,250,250,173.26,173.434,164.621,165.847
344,250,250,250,250,2,2,2,2,165.528,167.226,163.65,166.981
345,250,250,250,250,248,247,242,249,161.167,165.862,171.046,165.787
346,250,250,250,250,6,7,1,4,165.074,167.638,162.46,167.643
347,250,250,250,250,250,250,247,249,164.647,169.843,163.977,164.023
348,250,250,250,250,8,5,1,4,165.562,179.512,168.483,167.97
349,250,250,250,250,245,249,245,250,163.305,167.298,166.149,168.092
350,250,250,250,250,250,250,250,250,161.837,161.206,166.597,177.651
351,250,250,250,250,1,3,2,3,175.303,163.584,165.573,165.036
352,250,250,250,250,245,250,243,250,159.428,161.845,164.301,168.817
353,250,250,250,250,5,2,0,4,168.961,167.689,167.105,168.531
354,250,250,250,250,249,250,250,250,161.353,165.462,163.748,164.248
355,250,250,250,250,250,250,250,250,165.363,169.616,172.475,168.73
356,250,250,250,250,4,4,3,4,169.553,169.901,169.195,170.41
357,250,250,250,250,237,236,244,250,166.142,165.422,163.282,170.257
358,250,250,250,250,2,2,3,2,164.585,172.329,162.228,169.982
359,250,250,250,250,250,250,250,250,163.611,167.412,165.914,163.676
360,250,250,250,250,6,4,0,8,163.84,166.898,164.822,169.29
361,250,250,250,250,250,250,250,249,170.633,163.893,164.392,165.564
362,250,250,250,250,250,250,250,250,164.209,168.918,165.877,167.694
363,250,250,250,250,1,2,1,6,164.05,167.054,167.254,163.433
364,250,250,250,250,249,250,249,250,177.413,166.648,171.445,171.057
365,250,250,250,250,5,8,0,5,181.452,183.352,185.234,168.745
366,250,250,250,250,236,250,249,250,212.822,186.603,188.592,198.494
367,250,250,250,250,250,250,250,250,168.821,170.451,175.151,169.244
368,250,250,250,250,2,3,4,5,186.121,174.61,168.81,171.651
369,250,250,250,250,245,250,250,250,174.792,178.021,177.839,173.959
370,250,250,250,250,8,10,2,4,182.038,168.721,174.987,177.996
371,250,250,250,250,249,249,249,249,172.824,171.855,173.059,174.689
372,250,250,250,250,3,4,4,9,185.593,166.439,163.252,162.633
373,250,250,250,250,249,250,250,250,177.973,170.571,170.177,175.207
374,250,250,250,250,250,250,250,250,165.445,169.796,172.347,168.501
375,250,250,250,250,2,2,2,2,165.341,161.843,161.761,165.404
376,250,250,250,250,248,247,245,247,166.86,171.09,179.162,165.417
377,250,250,250,250,9,3,3,10,205.542,228.786,237.457,209.447
378,250,250,250,250,248,250,250,250,198.578,356.791,210.5,239.361
379,250,250,250,250,250,250,248,250,193.641,177.726,176.023,167.968
380,250,250,250,250,8,5,2,11,173.358,169.847,168.376,170.462
381,250,250,250,250,236,246,246,249,165.662,177.519,167.352,170.992
382,250,250,250,250,7,5,1,2,168.015,171.377,168.632,166.063
383,250,250,250,250,250,250,250,250,169.084,164.549,171.613,167.935
384,250,250,250,250,11,6,0,2,191.234,170.202,167.677,167.401
385,250,250,250,250,248,250,249,250,170.226,168.817,174.256,164.901
386,250,250,250,250,250,250,249,250,162.028,170.353,168.012,166.928
387,250,250,250,250,3,8,1,3,165.322,167.823,165.994,169.29
388,250,250,250,250,248,248,249,250,177.849,170.568,161.034,162.428
389,250,250,250,250,6,2,4,7,170.43,166.347,171.793,170.69
390,250,250,250,250,86,115,113,138,176.582,184.91,175.036,171.006
391,250,250,250,250,250,250,250,250,169.73,165.872,201.314,181.553
392,250,250,250,250,15,17,0,4,169.356,169.474,172.891,165.861
393,250,250,250,250,249,250,248,250,161.436,164.966,164.321,166.355
394,250,250,250,250,13,4,3,5,168.806,165.225,163.991,166.103
395,250,250,250,250,247,249,247,246,164.818,171.079,164.441,168.198
396,250,250,250,250,3,3,0,2,167.494,168.184,163.968,169.066
397,250,250,250,250,243,232,244,247,166.653,168.897,164.775,167.533
398,250,250,250,250,250,250,250,250,169.328,161.733,165.736,166.875
399,250,250,250,250,1,0,3,7,168.43,167.288,171.176,169.7
400,250,250,250,250,228,250,246,240,164.512,182.066,163.097,163.876
401,250,250,250,250,2,1,2,8,165.23,169.478,169.584,166.56
402,250,250,250,250,246,249,250,250,170.306,168.609,181.499,169.861
403,250,250,250,250,250,250,250,250,173.204,170.631,167.08,178.296
404,250,250,250,250,4,7,11,3,173.898,169.712,169.648,180.96
405,250,250,250,250,250,249,244,250,169.869,173.046,167.488,161.858
406,250,250,250,250,2,7,1,5,170.489,171.895,168.496,172.513
407,250,250,250,250,250,250,250,250,161.862,159.442,169.464,166.95
408,250,250,250,250,0,4,3,10,170.048,167.098,166.047,166.709
409,250,250,250,250,250,250,250,250,166.946,166.37,163.855,172.456
410,250,250,250,250,250,250,250,250,167.804,165.224,163.31,163.772
411,250,250,250,250,18,10,4,6,177.976,175.007,170.427,177.436
412,250,250,250,250,241,245,249,249,166.306,165.745,167.659,162.418
413,250,250,250,250,3,7,3,4,169.916,170.64,167.545,170.245
414,250,250,250,250,250,250,248,250,167.592,170.604,167.166,165.67
415,250,250,250,250,250,250,250,250,172.321,171.843,174.832,167.658
416,250,250,250,250,2,3,1,7,171.494,170.36,170.839,178.966
417,250,250,250,250,246,247,247,249,165.601,164.914,164.611,166.736
418,250,250,250,250,5,6,8,5,172.062,172.396,171.929,173.191
419,250,250,250,250,250,250,250,250,164.544,165.559,173.949,166.402
420,250,250,250,250,2,2,5,6,165.017,165.052,171.379,171.16
421,250,250,250,250,250,250,250,250,170.935,170.246,170.447,169.514
422,250,250,250,250,250,250,250,250,167.407,173.1,162.579,164.773
423,250,250,250,250,2,1,3,6,173.875,175.204,172.006,177.553
424,250,250,250,250,250,250,250,250,171.434,169.932,167.066,170.68
425,250,250,250,250,3,4,8,7,174.273,174.48,169.092,169.015
426,250,250,250,250,250,250,247,250,166.094,169.667,171.089,167.862
427,250,250,250,250,250,250,250,250,167.528,167.679,167.005,168.217
428,250,250,250,250,6,1,2,8,168.372,166.631,167.579,168.919
429,250,250,250,250,250,250,250,250,167.83,196.476,167.425,167.705
430,250,250,250,250,7,8,6,2,172.256,170.586,168.813,176.843
431,250,250,250,250,250,250,249,250,166.965,167.406,168.24,164.611
432,250,250,250,250,0,17,4,5,175.555,173.983,172.346,172.531
433,250,250,250,250,250,250,250,250,169.237,169.975,166.011,165.837
434,250,250,250,250,250,250,250,250,172.694,169.212,168.346,169.14
435,250,250,250,250,7,3,4,2,167.846,166.506,167.451,167.465
436,250,250,250,250,250,250,250,247,166.223,170.106,179.64,173.959
437,250,250,250,250,0,1,2,7,170.557,170.29,169.851,169.916
438,250,250,250,250,250,250,250,248,164.259,167.662,163.933,166.483
439,250,250,250,250,250,250,250,250,178.187,166.292,168.681,166.171
440,250,250,250,250,6,5,0,8,167.316,166.441,168.068,175.398
441,250,250,250,250,244,248,250,249,170.81,170.056,167.878,169.53
442,250,250,250,250,4,10,1,3,166.851,165.461,164.23,167.258
443,250,250,250,250,250,250,249,250,172.044,172.327,179.411,171.625
444,250,250,250,250,3,13,5,5,172.289,175.871,172.573,172.543
445,250,250,250,250,250,250,247,250,163.231,164.636,164.331,167.244
446,250,250,250,250,249,250,250,249,167.232,174.321,167.605,171.459
447,250,250,250,250,3,4,9,8,172.146,169.683,168.08,175.001
448,250,250,250,250,250,250,245,249,166.328,167.552,170.636,167.911
449,250,250,250,250,1,11,7,6,173.377,177.582,180.757,178.977
450,250,250,250,250,87,141,120,139,171.479,174.059,181.678,172.078
451,250,250,250,250,250,250,250,250,168.26,168.737,169.3,169.999
452,250,250,250,250,1,1,7,4,167.105,172.628,171.642,170.674
453,250,250,250,250,248,248,247,248,170.884,170.971,171.415,171.024
454,250,250,250,250,5,2,5,6,168.616,169.067,166.144,173.339
455,250,250,250,250,247,248,246,242,168.72,171.302,173.638,171.32
456,250,250,250,250,1,2,5,3,168.296,173.281,173.875,169.741
457,250,250,250,250,248,237,246,241,169.663,167.431,174.273,168.973
458,250,250,250,250,246,250,250,250,176.59,170.156,174.626,174.765
459,250,250,250,250,5,5,5,5,185.399,166.668,173.84,169.872
460,250,250,250,250,248,248,248,245,167.348,170.536,167.382,167.667
461,250,250,250,250,1,1,7,5,171.993,171.476,169.6,172.368
462,250,250,250,250,250,250,250,250,164.496,167.34,165.55,167.304
463,250,250,250,250,250,250,250,250,164.771,167.05,164.885,164.757
464,250,250,250,250,5,6,10,5,170.712,169.621,176.678,166.105
465,250,250,250,250,244,248,250,249,170.958,183.408,166.68,169.713
466,250,250,250,250,1,4,12,7,170.089,171.479,169.515,166.727
467,250,250,250,250,250,250,250,250,166.74,177.901,167.633,169.243
468,250,250,250,250,1,1,4,4,170.454,169.687,168.827,168.64
469,250,250,250,250,248,250,246,241,167.458,170.281,169.922,168.365
470,250,250,250,250,250,250,250,250,174.068,171.276,168.756,169.632
471,250,250,250,250,4,11,8,1,171.726,168.745,168.131,171.673
472,250,250,250,250,248,250,250,250,169.031,169.277,185.278,172.559
473,250,250,250,250,7,14,2,5,170.45,177.608,164.644,165.231
474,250,250,250,250,250,250,246,250,171.356,175.372,166.244,171.586
475,250,250,250,250,250,250,250,250,168.029,178.142,178.479,173.912
476,250,250,250,250,8,11,9,5,168.755,171.042,167.994,170.334
477,250,250,250,250,244,250,248,250,170.554,164.385,167.589,166.162
478,250,250,250,250,3,8,2,6,168.015,166.413,169.823,170.892
479,250,250,250,250,250,250,250,250,170.186,168.745,169.14,174.078
480,250,250,250,250,0,11,1,1,165.855,167.854,167.43,169.642
481,250,250,250,250,250,250,249,250,170.829,172.145,169.824,170.824
482,250,250,250,250,250,250,250,250,167.961,168.085,169.413,170.541
483,250,250,250,250,3,10,5,4,171,171.962,169.619,171.42
484,250,250,250,250,250,250,250,250,176.457,166.732,171.11,170.313
485,250,250,250,250,0,0,2,5,170.63,169.598,170.341,175.667
486,250,250,250,250,250,250,250,249,170.584,175.493,173.031,172.796
487,250,250,250,250,250,250,250,250,165.564,165.804,171.91,170.582
488,250,250,250,250,1,22,5,1,172.755,169.738,179.046,167.301
489,250,250,250,250,249,250,249,250,166.44,169.814,169.268,168.438
490,250,250,250,250,5,10,6,1,171.17,167.939,169.73,169.095
491,250,250,250,250,250,250,250,250,169.59,166.694,168.717,169.765
492,250,250,250,250,3,8,7,7,169.377,171.348,170.335,176.861
493,250,250,250,250,250,250,250,250,177.17,177.131,175.505,177.678
494,250,250,250,250,250,250,250,250,168.113,170.461,168.178,178.341
495,250,250,250,250,4,16,3,5,173.168,174.906,173.89,172.526
496,250,250,250,250,250,249,247,249,174.748,173.223,172.249,165.215
497,250,250,250,250,8,5,2,1,173.295,170.139,172.332,172.219
498,250,250,250,250,250,250,250,250,176.69,176.347,169.035,171.324
499,250,250,250,250,250,250,250,250,169.612,171.15,168.042,171.817
500,250,250,250,250,5,17,3,1,175.537,176.284,179.92,179.419
501,250,250,250,250,250,250,249,250,176.836,168.099,176.279,168.758
502,250,250,250,250,5,7,8,5,176.609,178.41,170.163,173.368
503,250,250,250,250,250,250,250,250,172.454,171.519,169.003,173.993
504,250,250,250,250,4,11,3,3,170.846,173.309,171.944,168.629
505,250,250,250,250,250,250,250,249,167.42,169.189,172.878,169.166
506,250,250,250,250,250,250,249,249,169.855,172.292,175.709,169.236
507,250,250,250,250,1,0,8,4,171.472,168.335,171.123,173.427
508,250,250,250,250,250,250,247,249,181.608,171.803,168.841,169.545
509,250,250,250,250,4,6,5,3,174.904,178.491,169.813,172.475
510,250,250,250,250,117,144,136,141,165.608,166.222,166.794,169.424
511,250,250,250,250,249,250,250,250,170.202,169.441,172.092,169.355
512,250,250,250,250,19,24,3,8,169.803,174.182,172.263,175.09
513,250,250,250,250,248,246,249,249,170.445,170.908,181.826,166.487
514,250,250,250,250,5,9,11,7,170.5,171.914,170.145,170.9
515,250,250,250,250,250,250,250,249,168.564,182.211,174.506,184.434
516,250,250,250,250,2,1,6,5,176.175,172.434,173.058,173.352
517,250,250,250,250,244,250,249,248,172.672,170.518,173.469,192.995
518,250,250,250,250,250,250,250,250,175.899,172.586,168.999,170.376
519,250,250,250,250,6,6,7,5,172.645,173.269,171.165,174.181
520,250,250,250,250,250,249,247,247,169.205,177.686,169.152,170.883
521,250,250,250,250,5,5,4,4,172.644,171.107,169.756,168.908
522,250,250,250,250,241,250,245,250,170.391,176.473,185.97,171.392
523,250,250,250,250,250,250,247,250,179.309,172.122,173.493,174.393
524,250,250,250,250,2,34,1,6,174.24,173.93,178.422,174.5
525,250,250,250,250,243,247,238,248,170.012,174.779,172.935,171.738
526,250,250,250,250,6,7,3,4,173.068,171.344,173.367,171.289
527,250,250,250,250,249,250,244,245,169.871,177.949,170.993,169.044
528,250,250,250,250,4,14,3,6,170.205,171.371,171.552,174.25
529,250,250,250,250,243,249,242,245,171.64,170.893,187.656,181.054
530,250,250,250,250,250,250,250,250,169.082,169.767,168.14,171.143
531,250,250,250,250,0,14,3,6,172.722,173.468,177.403,171.896
532,250,250,250,250,250,250,249,243,169.212,168.763,171.593,173.026
533,250,250,250,250,4,6,6,3,175.834,173.975,168.927,173.037
534,250,250,250,250,250,249,249,250,175.472,166.66,171.24,168.315
535,250,250,250,250,250,250,250,250,169.354,168.412,170.213,178.003
536,250,250,250,250,3,13,6,6,175.196,175.535,173.096,187.364
537,250,250,250,250,242,250,246,248,171.879,171.392,172.377,173.44
538,250,250,250,250,0,5,1,6,171.368,173.084,170.411,171.583
539,250,250,250,250,246,250,249,250,169.612,178.711,171.839,175.412
540,250,250,250,250,13,8,3,5,171.311,171.741,174.232,174.166
541,250,250,250,250,250,250,250,250,177.997,171.775,170.369,168.987
542,250,250,250,250,250,250,250,250,171.2,170.204,178.217,169.177
543,250,250,250,250,6,10,5,6,177.6,177.562,183.278,182.277
544,250,250,250,250,249,250,250,247,170.057,171.096,171.766,172.568
545,250,250,250,250,1,7,6,8,171.546,176.724,173.093,173.512
546,250,250,250,250,250,250,248,250,175.381,174.592,177.184,173.872
547,250,250,250,250,250,250,250,250,173.511,173.947,172.044,175.747
548,250,250,250,250,7,14,5,8,176.385,172.803,171.329,173.049
549,250,250,250,250,250,250,250,250,169.14,172.46,178.131,170.696
550,250,250,250,250,4,3,6,4,177.641,177.626,175.039,177.76
551,250,250,250,250,250,250,250,250,171.402,171.339,174.623,170.985
552,250,250,250,250,4,8,9,3,177.244,169.271,169.864,172.766
553,250,250,250,250,250,249,250,250,174.477,171.655,174.545,172.138
554,250,250,250,250,250,250,250,250,173.706,169.424,171.714,172.401
555,250,250,250,250,7,13,10,12,173.559,174.834,170.425,171.545
556,250,250,250,250,247,250,248,249,169.39,182.5,167.714,171.379
557,250,250,250,250,4,5,9,7,178.017,180.044,181.06,185.446
558,250,250,250,250,250,250,247,250,174.737,177.971,175.928,175.145
559,250,250,250,250,250,250,250,250,175.997,204.47,189.081,175.839
560,250,250,250,250,11,4,10,10,179.754,184.231,175.784,175.264
561,250,250,250,250,250,250,250,250,171.17,173.966,172.742,173.858
562,250,250,250,250,12,8,12,6,174.23,174.515,176.048,178.063
563,250,250,250,250,250,250,250,249,175.914,172.89,170.647,173.884
564,250,250,250,250,2,8,7,9,171.669,171.872,179.183,177.368
565,250,250,250,250,250,250,250,250,173.029,171.63,173.224,174.379
566,250,250,250,250,250,250,250,250,170.707,171.213,171.704,175.055
567,250,250,250,250,5,1,6,10,171.185,176.478,170.499,170.472
568,250,250,250,250,250,250,250,249,170.222,169.447,170.72,172.195
569,250,250,250,250,5,2,8,6,177.215,177.817,177.438,178.667
570,250,250,250,250,147,150,128,148,168.549,172.385,173.809,174.9
571,250,250,250,250,250,250,250,250,171.309,177.335,177.615,170.19
572,250,250,250,250,0,3,10,9,172.905,174.187,173.906,175.647
573,250,250,250,250,250,250,250,250,169.725,168.407,169.976,170.839
574,250,250,250,250,3,6,8,10,173.846,172.355,169.047,172.424
575,250,250,250,250,250,249,247,247,170.17,171.759,174.413,173.818
576,250,250,250,250,4,2,10,10,171.208,171.518,170.437,169.677
577,250,250,250,250,247,246,248,248,168.19,169.981,169.977,172.28
578,250,250,250,250,250,250,250,250,170.577,172.631,169.48,170.438
579,250,250,250,250,4,3,17,6,178.574,176.17,171.174,171.711
580,250,250,250,250,250,249,250,250,167.783,170.524,168.855,170.496
581,250,250,250,250,1,6,7,16,171.049,176.616,167.153,170.533
582,250,250,250,250,247,249,250,250,166.414,169.223,168.176,168.644
583,250,250,250,250,246,250,249,249,166.053,168.761,170.435,170.312
584,250,250,250,250,4,2,14,12,179.094,171.486,170.737,170.108
585,250,250,250,250,250,250,249,250,166.343,169.265,175.339,170.574
586,250,250,250,250,4,5,6,7,172.037,178.495,173.754,169.211
587,250,250,250,250,250,250,250,250,164.363,168.476,169.452,168.697
588,250,250,250,250,1,9,10,8,166.937,168.331,171.016,168.339
589,250,250,250,250,250,250,250,250,169.642,168.49,167.137,172.61
590,250,250,250,250,250,250,250,250,170.175,169.038,167.787,168.937
591,250,250,250,250,1,6,10,14,172.864,171.848,168.82,171.028
592,250,250,250,250,250,248,249,250,169.131,170.07,169.278,174.48
593,250,250,250,250,10,5,10,10,170.536,172.361,170.841,176.601
594,250,250,250,250,250,250,250,250,167.09,169.303,171.216,170.458
595,250,250,250,250,250,250,250,250,166.889,168.466,174.338,167.191
596,250,250,250,250,4,3,5,4,171.789,174.515,173.6,176.481
597,250,250,250,250,248,249,248,248,165.944,167.668,168.091,165.665
598,250,250,250,250,2,6,9,9,168.551,172.714,169.845,169.937
599,250,250,250,250,250,250,250,249,165.564,172.392,168.179,168.965
600,250,250,250,250,11,4,6,3,172.707,174.162,173.518,174.954
601,250,250,250,250,250,250,250,250,174.227,169.087,171.002,170.385
602,250,250,250,250,250,250,250,250,166.25,172.28,163.495,172.369
603,250,250,250,250,7,5,8,1,169.904,173.698,170.947,174.829
604,250,250,250,250,250,250,250,250,165.509,166.447,166.851,168.195
605,250,250,250,250,4,3,10,6,168.738,170.848,169.102,169.659
606,250,250,250,250,250,250,250,250,163.426,168.109,168.929,170.615
607,250,250,250,250,250,250,250,250,168.119,166.019,165.595,165.343
608,250,250,250,250,9,1,3,4,177.051,178.276,164.392,167.51
609,250,250,250,250,247,250,250,250,165.793,165.638,165.136,165.884
610,250,250,250,250,8,1,8,3,166.983,168.534,166.19,171.547
611,250,250,250,250,249,250,250,250,164.616,166.89,165.577,170.033
612,250,250,250,250,4,2,11,8,164.808,170.174,167.692,168.813
613,250,250,250,250,250,250,249,250,161.881,162.441,162.791,165.868
614,250,250,250,250,250,250,250,250,169.719,170.088,168.623,163.786
615,250,250,250,250,8,4,14,0,168.718,167.956,169.292,177.015
616,250,250,250,250,250,249,245,247,164.913,165.878,168.571,171.369
617,250,250,250,250,9,3,14,7,163.292,169.701,165.882,168.932
618,250,250,250,250,247,250,249,250,164.925,165.794,169.767,166.432
619,250,250,250,250,250,250,250,250,163.009,170.238,165.53,166.439
620,250,250,250,250,8,3,4,4,164.923,167.37,167.904,169.598
621,250,250,250,250,246,249,245,250,164.293,171.937,166.585,163.42
622,250,250,250,250,6,4,4,8,174.769,165.562,169.474,169.235
623,250,250,250,250,247,250,250,250,171.962,168.47,168.545,168.544
624,250,250,250,250,6,1,13,6,165.594,166.167,169.989,166.684
625,250,250,250,250,245,250,247,250,166.405,169.499,168.297,173.484
626,250,250,250,250,248,250,250,250,163.989,163.163,162.836,165.642
627,250,250,250,250,4,4,9,7,164.074,171.312,163.462,167.32
628,250,250,250,250,249,248,248,249,162.667,164.179,166.348,164.512
629,238,250,250,250,5,7,12,8,163.037,168.322,167.251,170.652
630,226,250,250,250,98,175,93,146,155.883,170.171,175.348,172.878
631,226,250,250,250,226,250,250,250,155.562,165.25,167.334,166.588
632,234,250,250,250,8,2,6,10,165.938,167.423,178.295,164.52
633,233,250,250,250,229,249,246,250,168.204,168.437,168.306,167.746
634,212,250,250,250,2,0,8,6,156.589,173.939,164.359,169.781
635,210,250,250,250,201,250,245,249,152.616,166.548,164.736,170.803
636,244,250,250,250,3,3,7,7,164.634,169.023,167.952,168.923
637,246,250,250,250,233,250,242,249,171.257,172.51,171.984,173.499
638,246,250,250,250,245,250,250,250,165.384,166.3,165.31,167.448
639,236,250,250,250,9,2,12,7,163.21,166.347,167.219,169.482
640,235,250,250,250,229,249,240,250,159.845,169.629,169.805,165.407
641,216,250,250,250,4,0,5,5,158.178,169.947,172.812,170.047
642,216,250,250,250,212,250,243,250,159.868,167.822,167.148,171.637
643,216,250,250,250,216,250,250,250,155.035,170.493,167.732,169.465
644,207,250,250,250,3,1,7,9,154.915,170.575,175.161,165.054
645,206,250,250,250,197,250,245,249,154.989,182.476,176.373,179.946
646,208,250,250,250,1,1,7,4,155.712,170.953,173.842,178.029
647,207,250,250,250,202,250,241,250,159.437,177.13,168.433,173.32
648,201,250,250,250,9,3,10,6,159.594,176.988,181.82,177.915
649,201,250,250,250,200,250,248,250,171.977,186.715,185.229,181.153
650,201,250,250,250,201,250,250,250,161.22,181.025,174.045,177.105
651,187,250,250,250,9,2,10,7,156.629,179.321,178.3,172.648
652,186,250,250,250,182,244,249,250,156.491,178.576,181.048,182.875
653,187,250,250,250,5,1,9,10,152.085,172.895,172.085,171.094
654,187,250,250,250,183,250,248,250,152.627,173.993,171.517,172.979
655,187,250,250,250,187,250,250,250,153.796,169.627,170.042,172.927
656,188,250,250,250,7,1,9,6,150.664,171.826,167.653,172.892
657,188,250,250,250,185,250,250,250,155.782,167.6,172.202,173.44
658,209,250,250,250,9,0,6,8,160.668,173.879,173.753,176.536
659,209,250,250,250,209,250,249,250,157.011,173.143,173.012,173.139
660,218,250,250,250,4,1,5,4,158.892,172.298,170.912,170.964
661,218,250,250,250,218,250,250,250,159.042,166.423,172.638,166.416
662,218,250,250,250,218,250,250,250,160.865,172.416,173.046,174.476
663,207,250,250,250,7,2,8,7,158.558,173.886,176.018,178.418
664,207,250,250,250,202,250,248,249,160.271,179.538,175.397,178.911
665,168,250,250,250,1,4,4,9,173.506,186.727,189.558,178.711
666,168,250,250,250,163,250,250,247,148.659,178.476,177.549,178.035
667,168,250,250,250,168,250,250,250,158.324,171.876,177.752,174.4
668,167,250,250,250,0,3,3,5,149.003,178.851,180.378,174.932
669,166,250,250,250,163,250,247,250,147.822,179.001,180.431,180.361
670,158,250,250,250,0,4,9,12,147.185,180.638,177.055,176.849
671,158,250,250,250,154,250,245,250,148.429,184.454,173.942,178.026
672,135,250,250,250,1,10,9,7,141.07,180.542,180.706,183.286
673,135,250,250,250,134,250,249,250,137.914,178.941,177.179,180.94
674,135,250,250,250,135,250,250,250,143.561,183.487,182.632,180.211
675,151,250,250,250,0,5,5,10,146.349,177.819,180.813,180.884
676,151,250,250,250,149,250,248,250,143.366,180.435,176.891,175.73
677,138,250,250,250,4,6,4,9,146.682,179.089,181.324,181.227
678,138,250,250,250,136,250,250,250,139.97,183.492,179.111,174.893
679,138,250,250,250,138,250,250,250,140.6,177.133,177.031,179.51
680,177,250,250,250,6,13,9,3,150.336,177.405,177.039,178.23
681,177,250,250,250,174,250,249,250,156.059,174.023,176.316,181.957
682,160,250,250,250,4,5,3,6,149.639,178.747,176.662,180.724
683,160,250,250,250,157,250,248,249,152.166,181.688,181.156,181.748
684,187,250,250,250,3,9,7,9,151.918,179.899,177.049,174.224
685,188,250,250,250,181,250,244,250,154.801,177.287,181.702,173.709
686,188,250,250,250,185,250,250,249,161.767,172.537,174.805,179.431
687,198,250,250,250,1,9,7,6,158.749,176.401,176.738,175.147
688,198,250,250,250,195,246,247,250,164.875,180.611,179.907,178.294
689,190,250,250,250,3,6,12,9,162.27,185.575,184.023,181.067
690,189,250,250,250,57,178,122,145,154.799,176.442,176.727,172.741
691,189,250,250,250,189,250,250,250,152.325,178.966,174.536,173.577
692,193,250,250,250,6,9,13,6,156.663,178.454,177.363,177.317
693,193,250,250,250,192,250,250,250,156.19,179.192,172.793,176.774
694,207,250,250,250,1,7,5,5,160.483,178.615,176.016,172.852
695,207,250,250,250,201,249,246,246,162.73,181.941,177.716,177.124
696,218,250,250,250,2,13,12,6,160.971,176.778,176.036,182.732
697,219,250,250,250,208,249,250,249,161.227,174.181,173.028,175.417
698,219,250,250,250,219,250,250,250,157.295,171.345,171.634,173.624
699,230,250,250,250,6,11,10,5,165.856,173.969,184.397,171.811
700,229,250,250,250,216,244,245,249,163.292,181.753,173.997,172.665
701,250,250,250,250,2,14,8,12,170.795,173.655,173.565,174.65
702,250,250,250,250,246,250,248,250,171.255,170.6,170.324,177.118
703,250,250,250,250,250,250,250,248,176.251,172.775,170.552,175.21
704,250,250,250,250,4,15,7,6,170.734,170.828,173.073,172.446
705,250,250,250,250,243,248,240,250,170.953,174.954,172.015,172.099
706,237,250,250,250,4,12,16,11,168.114,179.036,179.534,173.798
707,238,250,250,250,236,250,244,250,174.768,190.403,168.576,171.603
708,244,250,250,250,7,11,6,10,168.282,174.162,175.603,174.885
709,244,250,250,250,241,250,249,250,170.484,171.577,170.796,173.35
710,244,250,250,250,243,249,250,250,166.218,177.83,174.297,175.052
711,250,250,250,250,4,11,12,10,175.481,173.755,174.789,174.442
712,250,250,250,250,242,249,248,249,168.253,170.976,171.497,173.426
713,250,250,250,250,8,14,10,8,173.397,170.96,179.091,175.767
714,250,250,250,250,248,250,250,250,168.833,177.115,176.222,176.151
715,250,250,250,250,250,250,250,250,169.204,173.257,172.953,174.146
716,250,250,250,250,9,11,10,10,177.922,171.141,174.894,175.203
717,250,250,250,250,247,250,248,250,170.589,171.553,181.263,179.466
718,250,250,250,250,7,12,9,11,173.287,178.432,179.463,173.817
719,250,250,250,250,247,249,250,250,169.668,172.818,172.318,172.142
720,250,250,250,250,5,12,6,4,170.494,171.882,171.741,174.293
721,250,250,250,250,247,250,250,250,170.087,172.19,171.003,173.276
722,250,250,250,250,250,250,250,250,168.237,170.4,172.413,173.099
723,250,250,250,250,9,11,5,16,178.623,172.904,176.975,174.955
724,250,250,250,250,247,250,249,250,167.122,172.203,173.129,178.267
725,250,250,250,250,1,15,8,16,174.751,178.447,176.331,175.652
726,250,250,250,250,250,250,250,250,169.176,171.314,172.911,172.537
727,250,250,250,250,250,250,250,250,168.856,175.768,173.041,173.474
728,250,250,250,250,3,10,5,14,175.875,178.734,179.346,178.95
729,250,250,250,250,246,250,250,250,174.129,179.142,176.515,176.385
730,250,250,250,250,8,8,7,13,174.754,178.129,177.285,186.511
731,250,250,250,250,248,250,250,250,174.83,175.922,176.698,175.649
732,250,250,250,250,9,7,6,7,174.873,175.055,173.638,177.933
733,250,250,250,250,250,250,250,250,172.461,173.703,173.433,174.939
734,250,250,250,250,250,250,250,250,172.217,168.623,174.791,171.279
735,250,250,250,250,9,10,6,7,171.173,174.317,174.038,180.201
736,250,250,250,250,249,250,250,250,174.099,179.853,180.986,181.89
737,250,250,250,250,17,13,4,4,171.888,170.19,174.045,173.962
738,250,250,250,250,249,250,250,250,171.398,178.921,175.14,176.667
739,250,250,250,250,250,250,250,250,170.304,174.435,174.375,170.913
740,250,250,250,250,5,12,7,7,174.376,175.411,175.924,173.728
741,250,250,250,250,249,250,250,250,173.235,174.376,178.268,173.282
742,250,250,250,250,14,9,6,4,168.825,179.419,171.32,172.59
743,250,250,250,250,248,250,250,250,173.347,170.594,174.411,173.316
744,250,250,250,250,8,8,11,13,172.789,175.871,176.829,174.586
745,250,250,250,250,249,250,250,250,175.458,183.361,176.477,180.556
746,250,250,250,250,250,250,250,250,170.13,172.495,172.656,172.265
747,250,250,250,250,8,5,7,12,172.735,181.739,171.465,173.184
748,250,250,250,250,250,250,250,249,173.597,172.03,173.259,173.694
749,250,250,250,250,8,6,8,6,170.799,179.827,182.066,175.909
750,250,250,250,250,122,147,128,158,170.044,173.026,173.238,170.711
751,250,250,250,250,250,250,250,250,171.978,173.507,175.16,172.025
752,250,250,250,250,9,12,9,8,182.849,184.014,177.236,179.23
753,250,250,250,250,248,250,250,250,168.306,171.593,168.65,177.343
754,250,250,250,250,11,12,4,2,175.519,173.049,174.328,175.137
755,250,250,250,250,248,250,250,246,170.379,172.073,171.557,173.08
756,250,250,250,250,8,5,7,5,170.48,178.786,177.045,173.002
757,250,250,250,250,248,247,249,249,170.429,175.203,177.15,173.035
758,250,250,250,250,250,250,250,250,167.51,170.561,171.938,172.138
759,250,250,250,250,12,15,6,9,175.828,170.934,175.119,171.492
760,250,250,250,250,250,248,249,246,174.239,173.408,170.801,182.471
761,250,250,250,250,8,7,5,8,175.655,174.807,176.327,178.327
762,250,250,250,250,249,250,250,250,175.4,176.064,170.624,170.74
763,250,250,250,250,250,250,250,250,169.566,173.2,174.066,174.321
764,250,250,250,250,12,8,5,8,171.389,173.866,173.382,172.51
765,250,250,250,250,247,250,249,249,171.922,174.369,178.412,175.011
766,250,250,250,250,4,13,8,11,178.178,176.807,173.475,177.163
767,250,250,250,250,249,249,250,250,170.565,178.285,173.447,172.108
768,250,250,250,250,7,12,3,4,172.184,175.453,176.215,173.88
769,250,250,250,250,250,250,250,250,170.735,173.77,174.966,172.673
770,250,250,250,250,250,250,250,250,177.921,184.864,167.153,171.273
771,250,250,250,250,4,6,10,10,172.357,179.614,176.602,176.086
772,250,250,250,250,249,249,246,246,173.352,176.3,176.275,176.68
773,250,250,250,250,6,7,6,6,180.595,174.354,176.515,175.675
774,250,250,250,250,248,247,247,249,172.726,170.811,185.859,177.593
775,250,250,250,250,249,250,250,250,172.439,174.315,177.111,173.793
776,250,250,250,250,4,9,4,4,170.967,177.577,176.779,174.751
777,250,250,250,250,248,247,250,249,173.994,173.127,173.007,178.592
778,250,250,250,250,12,7,5,2,172.377,177.246,175.419,178.201
779,250,250,250,250,250,250,250,250,173.289,176.307,175.315,175.151
780,250,250,250,250,12,2,6,9,168.873,176.199,175.869,176.912
781,250,250,250,250,250,250,250,250,175.237,180.613,174.017,187.955
782,250,250,250,250,250,250,250,250,186.304,190.471,193.277,187.586
783,250,250,250,250,10,6,9,6,188.105,179.565,179.623,179.851
784,250,250,250,250,250,250,250,250,175.459,171.977,175.668,175.637
785,250,250,250,250,10,5,4,8,173.799,176.955,174.139,176.821
786,250,250,250,250,249,250,250,249,182.587,175.562,174.635,177.923
787,250,250,250,250,250,250,250,250,170.75,172.294,175.044,171.519
788,250,250,250,250,7,13,8,7,178.543,174.35,176.437,186.572
789,250,250,250,250,250,250,250,250,169.415,174.979,183.879,172.707
790,250,250,250,250,10,9,4,6,173.35,177.752,175.634,177.531
791,250,250,250,250,250,250,250,250,171.118,175.19,173.846,178.469
792,250,250,250,250,2,1,1,2,170.752,176.74,172.966,170.288
793,250,250,250,250,249,250,248,249,170.197,171.544,174.45,176.983
794,250,250,250,250,250,250,250,250,170.272,172.137,170.359,174.403
795,250,250,250,250,7,5,3,4,177.4,177.626,178.16,179.002
796,250,250,250,250,249,247,246,248,168.244,171.783,174.187,177.222
797,250,250,250,250,6,8,3,6,172.175,175.378,185.345,182.504
798,250,250,250,250,247,246,250,250,177.596,175.547,172.92,174.316
799,250,250,250,250,250,250,250,250,172.874,175.642,174.229,175.35
800,250,250,250,250,9,5,1,6,168.391,175.827,173.62,178.879
801,250,250,250,250,246,250,248,250,171.101,172.472,173.419,174.001
802,250,250,250,250,10,10,4,6,174.622,174.166,181.88,182.903
803,250,250,250,250,249,248,250,249,178.846,181.712,178.425,174.67
804,250,250,250,250,9,5,11,5,173.645,179.57,176.593,178.044
805,250,250,250,250,244,250,250,250,168.709,173.026,171.221,173.758
806,250,250,250,250,250,250,250,250,170.347,172.863,173.134,175.134
807,250,250,250,250,8,8,4,4,169.833,174.89,177.451,172.82
808,250,250,250,250,250,250,250,250,171.687,176.611,174.349,173.248
809,250,250,250,250,8,6,10,7,177.338,175.744,180.766,176.7
810,250,250,250,250,111,138,133,142,171.061,171.381,172.06,175.747
811,250,250,250,250,250,250,250,250,170.749,171.872,173.141,178.625
812,250,250,250,250,6,6,6,6,182.307,179.592,177.282,175.126
813,250,250,250,250,249,250,250,250,167.724,173.256,170.567,170.641
814,250,250,250,250,5,12,2,5,177.473,173.596,172.274,169.123
815,250,250,250,250,246,248,248,245,167.994,171.168,173.402,175.56
816,250,250,250,250,5,3,3,6,172.598,174.733,172.562,175.914
817,250,250,250,250,249,248,248,248,172.771,171.547,169.043,172.215
818,250,250,250,250,250,250,250,250,168.649,173.966,172.724,174.617
819,250,250,250,250,3,4,7,6,172.581,174.863,171.943,173.064
820,250,250,250,250,250,247,247,248,165.83,169.846,170.018,171.241
821,250,250,250,250,5,5,3,9,168.588,171.91,175.045,168.48
822,250,250,250,250,250,250,250,250,171.915,169.89,170.774,171.32
823,250,250,250,250,250,250,250,250,165.5,169.073,169.693,174.897
824,250,250,250,250,7,8,6,7,182.056,181.491,175.497,177.226
825,250,250,250,250,245,250,247,250,171.557,175.135,173.195,172.788
826,250,250,250,250,15,9,8,4,175.428,182.859,175.139,176.318
827,250,250,250,250,250,248,249,250,165.755,169.996,165.592,170.628
828,250,250,250,250,7,7,3,6,170.814,177.033,175.547,170.093
829,250,250,250,250,245,250,250,250,167.855,170.947,169.861,170.967
830,250,250,250,250,250,250,250,250,165.902,170.343,177.324,169.455
831,250,250,250,250,7,8,6,15,174.562,182.703,176.354,179.246
832,250,250,250,250,242,249,249,249,170.252,166.362,170.765,171.817
833,250,250,250,250,3,7,8,10,173.217,170.891,175.882,170.854
834,250,250,250,250,248,250,250,250,166.339,170.519,170.44,173.209
835,250,250,250,250,250,250,250,250,174.07,174.885,180.4,171.161
836,250,250,250,250,8,7,5,6,172.026,173.024,175.215,174.728
837,250,250,250,250,249,250,250,250,169.804,171.485,167.796,174.937
838,250,250,250,250,4,11,5,6,173.192,175.248,175.091,177.211
839,250,250,250,250,250,250,250,250,168.261,171.045,169.13,173.039
840,250,250,250,250,3,9,6,4,170.424,178.131,179.594,171.114
841,250,250,250,250,249,250,250,250,168.314,170.599,168.359,169.791
842,250,250,250,250,250,250,250,250,168.305,169.473,174.873,169.076
843,250,250,250,250,5,9,4,1,171.29,173.348,170.844,173.141
844,250,250,250,250,249,250,248,250,165.85,168.379,166.471,170.596
845,250,250,250,250,2,6,2,2,173.77,174.823,173.534,172.814
846,250,250,250,250,250,250,247,250,167.499,168.732,169.73,170.315
847,250,250,250,250,250,250,250,250,167.76,172.33,169.368,172.433
848,250,250,250,250,4,10,8,3,172.841,175.987,175.437,172.765
849,250,250,250,250,249,250,250,250,165.006,168.445,170.646,167.526
850,250,250,250,250,2,7,8,2,168.42,172.25,168.049,172.862
851,250,250,250,250,247,250,250,250,166.646,169.851,170.416,173.098
852,250,250,250,250,6,9,5,6,170.253,174.607,172.813,168.793
853,250,250,250,250,250,248,250,250,175.142,172.053,171.059,168.448
854,250,250,250,250,250,250,250,250,168.962,172.103,168.22,175.908
855,250,250,250,250,7,8,2,4,172.448,169.697,169.042,169.97
856,250,250,250,250,245,246,248,248,170.55,172.181,172.851,174.609
857,250,250,250,250,3,3,5,1,173.785,171.83,174.643,174.196
858,250,250,250,250,244,249,248,250,168.497,172.242,170.224,173.463
859,250,250,250,250,250,250,250,250,168.056,173.093,175.646,173.112
860,250,250,250,250,7,2,2,5,170.876,179.779,173.591,169.807
861,250,250,250,250,249,249,250,250,168.494,177.153,171.848,173.413
862,250,250,250,250,5,9,3,6,171.641,170.036,171.683,172.12
863,250,250,250,250,250,249,250,250,175.419,170.114,168.712,174.93
864,250,250,250,250,5,6,6,2,171.964,172.826,171.033,172.142
865,250,250,250,250,250,250,248,250,168.876,178.366,176.672,169.009
866,250,250,250,250,250,250,250,250,164.133,174.178,172.757,171.974
867,250,250,250,250,1,7,4,4,169.072,171.299,177.769,183.186
868,250,250,250,250,249,250,246,248,170.874,172.729,172.331,172.064
869,250,250,250,250,2,2,7,4,168.071,169.965,170.389,172.031
870,250,250,250,250,113,120,137,168,168.691,171.497,170.619,172.717
871,250,250,250,250,250,250,250,250,169.031,171.677,170.01,172.174
872,250,250,250,250,3,9,3,4,169.325,173.232,171.523,172.864
873,250,250,250,250,238,246,246,248,166.84,170.598,172.453,166.929
874,250,250,250,250,6,12,2,6,173.062,176.98,169.607,174.289
875,250,250,250,250,240,247,248,243,167.956,169.291,166.386,168.499
876,250,250,250,250,8,11,1,5,169.215,175.497,168.819,171.384
877,250,250,250,250,237,248,247,249,171.923,173.83,171.312,171.893
878,250,250,250,250,250,250,250,250,165.194,168.427,167.964,169.986
879,250,250,250,250,7,8,3,1,174.957,169.321,171.077,172.551
880,250,250,250,250,244,249,246,250,168.616,170.236,168.84,175.622
881,250,250,250,250,4,9,2,5,177.461,175.192,178.695,181.153
882,250,250,250,250,250,247,245,249,168.327,168.373,175.667,176.495
883,250,250,250,250,249,250,250,249,172.356,177.404,176.549,169.798
884,250,250,250,250,8,10,7,8,171.302,171.719,174.081,174.425
885,250,250,250,250,249,249,244,250,170.37,175.647,175.019,169.629
886,250,250,250,250,3,9,4,9,178.836,174.906,172.753,173.971
887,250,250,250,250,247,249,249,250,168.7,168.304,168.846,170.64
888,250,250,250,250,8,5,5,4,172.297,176.009,173.672,176.597
889,250,250,250,250,250,250,250,250,176.047,169.284,172.959,171.022
890,250,250,250,250,250,250,250,250,167.308,174.698,169.377,170.288
891,250,250,250,250,5,7,2,6,175.357,174.824,171.61,171.498
892,250,250,250,250,249,247,249,250,175.31,174.393,173.387,178.234
893,250,250,250,250,1,4,0,0,187.921,175.279,176.7,176.429
894,250,250,250,250,250,250,250,250,176.924,177.272,185.618,179.054
895,250,250,250,250,250,250,250,250,170.707,178.993,177.133,181.609
896,250,250,250,250,6,5,2,3,179.852,183.578,177.862,179.213
897,250,250,250,250,249,250,249,250,177.478,177.19,178.285,177.316
898,250,250,250,250,3,9,3,5,181.488,181.185,182.031,180.551
899,250,250,250,250,249,250,250,250,170.525,179.563,175.533,178.198
900,250,250,250,250,6,5,4,3,173.505,173.235,173.755,177.406
901,250,250,250,250,250,250,250,250,182.405,189.168,189.591,185.293
902,250,250,250,250,250,250,250,250,172.66,180.953,176.528,180.4
903,250,250,250,250,9,5,2,2,189.395,183.14,180.624,187.512
904,250,250,250,250,250,249,250,250,176.802,178.626,176.765,177.482
905,250,250,250,250,9,10,1,3,175.826,180.035,177.079,175.416
906,250,250,250,250,250,250,250,250,172.984,182.62,181.003,184.762
907,250,250,250,250,250,250,250,250,171.39,173.596,177.53,174.755
908,250,250,250,250,3,10,1,4,177.016,177.594,179.398,177.731
909,250,250,250,250,249,250,250,250,173.224,178.824,172.735,176.926
910,250,250,250,250,8,10,8,3,183.985,182.23,178.74,189.936
911,250,250,250,250,248,250,249,250,173.541,173.984,176.049,175.599
912,250,250,250,250,3,6,2,1,175.541,173.518,173.068,176.866
913,250,250,250,250,249,250,250,250,174.886,175.134,175.759,174.89
914,250,250,250,250,250,250,250,250,181.103,183.446,183.466,182.438
915,250,250,250,250,4,16,5,4,172.822,176.619,177.126,180.738
916,250,250,250,250,247,250,246,247,175.417,173.325,177.593,173.892
917,250,250,250,250,6,10,3,1,175.763,182.783,177.325,178.42
918,250,250,250,250,250,250,249,250,175.171,175.634,174.628,177.18
919,250,250,250,250,248,250,250,250,176.866,173.387,174.821,178.076
920,250,250,250,250,7,9,7,3,173.004,184.627,182.417,178.706
921,250,250,250,250,249,249,249,249,172.669,176.573,172.081,177.682
922,250,250,250,250,7,5,8,1,173.315,179.785,180.28,176.347
923,250,250,250,250,249,250,250,250,174.816,175.432,174.894,176.111
924,250,250,250,250,5,8,3,5,177.658,188.041,178.754,179.818
925,250,250,250,250,248,250,248,248,174.279,175.296,176.975,177.258
926,250,250,250,250,250,250,250,250,172.151,176.887,173.756,175.157
927,250,250,250,250,4,5,1,6,177.808,176.577,178.23,176.649
928,250,250,250,250,247,246,248,247,171.26,177.742,181.066,173.942
929,250,250,250,250,4,13,1,5,174.603,173.703,177.803,174.18
930,250,250,250,250,120,137,142,155,171.512,178.423,174.071,176.332
931,250,250,250,250,250,250,250,250,172.929,189.192,173.702,177.536
932,250,250,250,250,8,6,4,2,174.033,173.955,179.574,183.986
933,250,250,250,250,241,250,244,247,173.514,175.758,176.077,172.521
934,250,250,250,250,8,10,6,7,176.515,179.666,180.436,177.986
935,250,250,250,250,246,250,249,249,173.219,179.121,172.803,175.868
936,250,250,250,250,11,4,7,8,173.787,178.628,179.765,179.95
937,250,250,250,250,229,248,247,246,176.695,177.442,175.377,177.701
938,250,250,250,250,250,250,250,250,178.348,182.297,179.093,176.442
939,250,250,250,250,8,13,4,4,184.786,187.049,181.768,181.007
940,250,250,250,250,248,250,250,247,178.449,180.826,179.179,179.396
941,250,250,250,250,8,5,4,4,176.121,178.323,180.638,181.366
942,250,250,250,250,245,250,249,249,177.59,177.381,180.162,185.79
943,250,250,250,250,249,250,249,250,176.519,183.161,189.049,184.734
944,250,250,250,250,4,7,3,6,184.318,190.374,186.034,183.321
945,250,250,250,250,250,250,250,249,202.111,188.334,181.205,184.189
946,250,250,250,250,10,15,5,5,181.097,187.404,182.077,185.043
947,250,250,250,250,249,250,250,250,180.169,190.132,184.893,184.447
948,250,250,250,250,8,8,9,7,175.486,179.637,179.544,180.611
949,250,250,250,250,248,248,248,248,176.151,178.07,180.115,179.885
950,250,250,250,250,249,250,250,250,174.412,177.001,180.575,178.904
951,250,250,250,250,8,14,3,6,178.652,181.473,174.883,186.973
952,250,250,250,250,247,250,246,247,179.956,180.343,179.323,180.574
953,250,250,250,250,11,10,5,4,177.798,177.657,178.967,179.959
954,250,250,250,250,248,250,250,250,176.95,180.417,176.923,178.835
955,250,250,250,250,250,250,250,250,173.388,179.141,177.543,174.892
956,250,250,250,250,6,15,8,5,180.895,183.25,179.685,178.783
957,250,250,250,250,247,246,248,248,171.091,175.659,176.047,182.095
958,250,250,250,250,5,8,2,10,181.044,180.331,183.339,180.439
959,250,250,250,250,250,250,250,250,175.585,178.94,177.92,179.227
960,250,250,250,250,11,7,4,10,174.833,178.03,178.322,179.191
961,250,250,250,250,250,250,250,250,177.133,183.855,177.311,179.165
962,250,250,250,250,250,250,250,250,176.43,174.843,174.927,179.162
963,250,250,250,250,10,8,5,9,182.071,180.79,182.577,180.491
964,250,250,250,250,247,250,250,250,173.03,175.241,176.099,177.018
965,250,250,250,250,6,8,5,8,179.649,182.266,179.727,182.343
966,250,250,250,250,248,250,250,250,178.785,175.468,175.838,177.539
967,250,250,250,250,250,250,250,250,172.49,175.461,176.144,179.305
968,250,250,250,250,16,10,6,11,176.393,177.531,178.246,176.267
969,250,250,250,250,248,250,250,250,173.878,174.889,178.19,176.759
970,250,250,250,250,7,10,7,8,175.251,180.591,174.868,180.274
971,250,250,250,250,249,250,250,250,172.377,174.803,175.559,175.807
972,250,250,250,250,10,6,3,5,179.19,182.104,181.834,181.101
973,250,250,250,250,246,250,250,250,181.98,180.276,178.513,176.751
974,250,250,250,250,250,250,250,250,173.989,177.402,180.863,175.085
975,250,250,250,250,7,9,6,5,179.036,178.3,180.267,180.388
976,250,250,250,250,241,247,249,245,174.244,181.722,176.927,177.98
977,250,250,250,250,4,6,4,6,180.665,182.662,177.501,174.95
978,250,250,250,250,248,250,248,250,173.745,179.592,185.414,178.833
979,250,250,250,250,250,250,250,250,176.503,180.74,178.13,181.051
980,250,250,250,250,7,1,3,7,180.275,179.852,182.635,183.658
981,250,250,250,250,246,249,250,250,176.989,175.304,181.65,178.635
982,250,250,250,250,12,5,4,3,177.809,179.8,179.926,173.995
983,250,250,250,250,249,250,250,250,178.368,178.143,176.213,176.485
984,250,250,250,250,12,8,4,8,178.146,178.85,178.881,182.21
985,250,250,250,250,246,248,243,249,178.675,176.234,180.234,177.498
986,250,250,250,250,250,250,250,250,176.091,182.996,181.712,185.123
987,250,250,250,250,9,9,4,4,177.744,177.946,178.768,179.881
988,250,250,250,250,248,248,245,249,175.448,179.579,177.698,178.892
989,250,250,250,250,10,4,3,11,175.879,181.408,174.776,179.351
990,250,250,250,250,120,133,130,168,176.217,177.047,176.918,180.892
991,250,250,250,250,249,250,250,250,176.167,180.957,178.933,176.939
992,250,250,250,250,6,0,0,1,174.486,180.458,183.053,182.668
993,250,250,250,250,242,249,240,242,175.167,179.595,177.689,184.171
994,250,250,250,250,12,1,5,9,177.769,180.78,178.024,182.307
995,250,250,250,250,248,249,249,250,174.444,184.122,175.043,178.687
996,250,250,250,250,15,8,4,6,180.329,185.592,189.491,188.579
997,250,250,250,250,248,247,245,249,177.909,180.742,175.12,179.034
998,250,250,250,250,250,250,250,250,179.142,177.147,178.137,181.395
999,250,250,250,250,9,13,3,5,183.277,185.853,187.013,180.5
1000,250,250,250,250,247,249,248,250,174.102,177.981,183.369,182.593
1001,250,250,250,250,8,16,2,8,178.216,179.081,178.804,178.761
1002,250,250,250,250,247,246,246,246,178.544,177.784,177.469,184.427
1003,250,250,250,250,249,250,250,249,172.016,177.059,176.578,179.591
1004,250,250,250,250,5,4,9,5,180.651,179.039,177.325,180.346
1005,250,250,250,250,244,250,246,244,173.698,178.759,179.569,174.515
1006,250,250,250,250,5,4,3,5,180.275,179.3,179.19,178.802
1007,250,250,250,250,246,250,247,250,177.593,176.909,183.035,181.595
1008,250,250,250,250,5,9,7,7,178.232,184.949,177.207,180.17
1009,250,250,250,250,244,245,246,247,176.056,178.642,186.225,173.992
1010,250,250,250,250,248,250,247,250,176.595,176.428,175.301,179.622
1011,250,250,250,250,6,11,3,3,176.863,179.627,178.488,179.333
1012,250,250,250,250,244,249,238,250,175.43,173.143,178.399,174.995
1013,250,250,250,250,11,13,2,6,179.346,179.708,180.047,184.078
1014,250,250,250,250,249,249,244,250,174.823,184.624,183.253,178.694
1015,250,250,250,250,249,250,250,250,177.853,176.742,177.444,179.466
1016,250,250,250,250,11,1,6,9,176.224,182.754,173.934,174.86
1017,250,250,250,250,247,250,250,250,174.468,176.928,179.779,181.3
1018,250,250,250,250,8,4,4,3,182.089,181.228,180.531,177.684
1019,250,250,250,250,245,250,246,250,174.79,175.067,176.613,179.081
1020,250,250,250,250,8,5,5,6,173.149,180.897,175.713,177.704
1021,250,250,250,250,250,250,250,250,175.813,184.05,181.923,183.474
1022,250,250,250,250,250,250,250,250,173.969,174.894,177.193,175.601
1023,250,250,250,250,10,5,5,9,175.583,178.162,177.909,176.784
1024,250,250,250,250,247,250,250,250,176.805,177.229,180.21,176.838
1025,250,250,250,250,11,7,2,6,177.798,181.156,176.426,177.394
1026,250,250,250,250,250,250,250,248,174.199,177.35,172.792,176.802
1027,250,250,250,250,250,250,250,250,175.768,176.908,178.568,175.415
1028,250,250,250,250,10,6,5,6,174.285,182.012,181.66,180.199
1029,250,250,250,250,248,248,245,249,176.355,178.128,175.73,178.175
1030,250,250,250,250,11,4,5,4,176.001,173.281,179.406,178.933
1031,250,250,250,250,248,248,250,250,173.156,177.252,178.51,177.283
1032,250,250,250,250,8,5,0,4,173.731,177.696,177.624,184.704
1033,250,250,250,250,249,249,250,250,177.94,176.946,183.074,177.987
1034,250,250,250,250,250,250,250,250,171.755,178.129,175.832,173.76
1035,250,250,250,250,10,5,6,4,176.943,187.687,187.881,181.246
1036,250,250,250,250,250,250,249,250,172.149,178.324,178.28,179.487
1037,250,250,250,250,9,11,2,2,177.579,177.821,182.058,185.14
1038,250,250,250,250,250,250,250,250,173.857,177.378,177.337,178.142
1039,250,250,250,250,250,250,250,250,173.582,177.64,177.317,175.759
1040,250,250,250,250,8,5,2,6,182.767,181.006,181.297,185.74
1041,250,250,250,250,249,248,243,247,175.18,176.498,176.692,175.855
1042,250,250,250,250,8,5,3,5,179.364,183.937,180.055,179.193
1043,250,250,250,250,248,250,249,250,183.216,183.104,189.82,180.184
1044,250,250,250,250,8,6,1,5,182.59,186.003,185.104,185.938
1045,250,250,250,250,247,248,249,249,183.169,185.963,187.355,183.957
1046,250,250,250,250,250,250,250,248,190.337,187.824,186.291,186.172
1047,250,250,250,250,6,1,3,4,183.351,190.444,185.852,187.177
1048,250,250,250,250,245,245,246,245,187.177,184.105,184.752,189.561
1049,250,250,250,250,9,5,5,5,177.146,180.883,178.33,180.117
1050,250,250,250,250,124,135,123,181,171.282,175.935,177.021,177.847
1051,250,250,250,250,250,250,250,250,173.593,177.248,173.671,174.848
1052,250,250,250,250,7,7,1,3,173.668,179.668,177.002,177.962
1053,250,250,250,250,248,244,245,248,171.871,175.663,174.5,173.881
1054,250,250,250,250,9,7,2,3,176.597,173.352,177.469,180.216
1055,250,250,250,250,249,246,247,248,175.119,177.561,181.711,179.872
1056,250,250,250,250,8,5,2,4,176.996,176.506,176.12,179.157
1057,250,250,250,250,244,248,249,246,174.473,176.617,176.468,175.528
1058,250,250,250,250,250,250,250,250,174.419,175.207,177.183,179.759
1059,250,250,250,250,5,2,4,5,175.011,177.237,175.546,179.511
1060,250,250,250,250,248,250,250,250,172.375,176.326,178.199,180.808
1061,250,250,250,250,3,6,4,2,174.206,174.487,174.824,174.173
1062,250,250,250,250,249,249,249,250,172.499,178.545,173.471,181.206
1063,250,250,250,250,250,250,250,250,173.824,173.749,175.133,175.173
1064,250,250,250,250,4,6,6,6,173.471,175.067,174.898,175.953
1065,250,250,250,250,249,249,249,249,170.578,174.693,172.548,175.263
1066,250,250,250,250,7,4,7,3,169.285,175.382,175.439,173.037
1067,250,250,250,250,249,250,250,250,172.603,172.883,171.155,173.193
1068,250,250,250,250,12,6,5,6,168.598,173.085,168.606,173.982
1069,250,250,250,250,246,246,248,249,172.376,177.036,171.491,180.737
1070,250,250,250,250,250,250,249,250,165.271,176.006,172.713,174.736
1071,250,250,250,250,6,2,7,8,172.034,172.829,177.09,176.053
1072,250,250,250,250,247,246,246,248,170.033,175.258,173.807,174.364
1073,250,250,250,250,5,2,6,3,173.468,174.53,175.216,173.031
1074,250,250,250,250,250,249,249,249,172.604,174.091,175.543,179.836
1075,250,250,250,250,250,249,250,250,172.111,173.019,175.148,173.518
1076,250,250,250,250,11,8,0,4,174.811,177.347,176.592,177.636
1077,250,250,250,250,249,250,250,250,170.669,172.482,176.233,175.112
1078,250,250,250,250,7,8,6,3,174.25,178.176,184.055,182.179
1079,250,250,250,250,249,250,250,250,169.67,172.78,173.045,172.69
1080,250,250,250,250,8,2,5,8,170.354,172.866,171.775,172.401
1081,250,250,250,250,250,250,250,250,171.244,172.518,172.412,171.776
1082,250,250,250,250,250,250,250,250,172.181,175.116,171.192,172.512
1083,250,250,250,250,11,3,5,5,179.487,171.933,179.286,178.419
1084,250,250,250,250,249,248,250,250,176.725,174.698,180.613,178.086
1085,250,250,250,250,12,1,3,4,169.988,174.102,172.635,176.364
1086,250,250,250,250,246,249,246,247,168.741,169.913,175.545,172.689
1087,250,250,250,250,250,250,250,250,167.808,176.331,170.958,168.731
1088,250,250,250,250,6,8,9,6,172.063,174.502,174.299,182.378
1089,250,250,250,250,247,250,250,250,169.045,170.25,170.545,175.268
1090,250,250,250,250,2,2,0,1,178.399,171.269,170.168,170.406
1091,250,250,250,250,246,249,243,246,166.039,178.271,174.151,176.403
1092,250,250,250,250,5,2,8,9,170.014,174.317,174.725,177.059
1093,250,250,250,250,248,249,249,249,169.094,170.244,169.493,170.456
1094,250,250,250,250,250,250,250,250,171.139,175.427,172.55,172.777
1095,250,250,250,250,7,4,3,4,170.713,174.093,173.125,171.407
1096,250,250,250,250,249,249,247,249,170.206,172.02,169.546,170.487
1097,250,250,250,250,10,6,4,10,179.111,175.441,179.296,173.223
1098,250,250,250,250,245,249,250,250,172.22,175.753,177.92,180.002
1099,250,250,250,250,250,250,250,250,171.997,177.445,176.839,179.924
1100,250,250,250,250,9,5,5,9,173.955,171.246,173.292,173.253
1101,250,250,250,250,247,248,247,248,179.954,187.792,179.985,178.504
1102,250,250,250,250,7,4,5,6,173.428,177.4,179.25,197.687
1103,250,250,250,250,248,248,246,249,183.793,185.856,201.095,182.155
1104,250,250,250,250,7,5,7,4,218.222,203.802,211.249,190.96
1105,250,250,250,250,242,250,249,249,199.449,199.575,193.649,177.096
1106,250,250,250,250,249,250,250,250,231.782,217.318,205.883,230.064
1107,250,250,250,250,8,2,3,9,192.176,188.303,188.201,181.172
1108,250,250,250,250,243,241,247,244,178.593,180.065,178.634,181.598
1109,250,250,250,250,3,3,9,5,175.243,178.642,177.616,179.214
1110,250,250,250,250,85,131,135,145,175.202,178.042,179.578,178.494
1111,250,250,250,250,249,250,250,249,180.008,185.759,186.564,195.516
1112,250,250,250,250,4,2,4,4,180.203,181.789,183.565,183.43
1113,250,250,250,250,249,247,250,250,183.852,200.339,199.943,194.792
1114,250,250,250,250,1,2,4,8,186.912,189.061,188.955,188.78
1115,250,250,250,250,244,243,248,249,172.85,180.562,168.055,173.437
1116,250,250,250,250,4,3,6,6,170.972,173.12,174.576,183.441
1117,250,250,250,250,241,249,246,247,191.849,188.34,192.051,190.331
1118,250,250,250,250,250,250,250,250,187.372,186.257,180.626,181.093
1119,250,250,250,250,1,4,3,3,178.359,172.842,192.159,182.337
1120,250,250,250,250,239,248,239,243,173.25,179.818,182.75,198.206
1121,249,250,250,250,2,3,5,0,177.007,179.818,172.781,178.102
1122,250,250,250,250,245,250,247,249,173.025,185.797,177.09,177.36
1123,250,250,250,250,250,250,250,250,184.554,173.239,174.805,185.194
1124,212,250,250,250,2,5,5,8,171.262,184.3,182.764,194.752
1125,213,250,250,250,197,243,239,241,178.142,183.168,180.938,176.612
1126,222,250,250,250,1,9,6,8,169.02,177.863,176.709,179.716
1127,222,250,250,250,220,250,246,250,169.905,175.913,173.249,171.337
1128,226,250,250,250,3,4,3,4,166.712,181.789,188.046,199.276
1129,224,250,250,250,219,238,249,247,178.284,197.086,197.334,203.732
1130,224,250,250,250,224,250,249,250,186.416,187.295,187.29,183.42
1131,219,250,250,250,2,2,5,5,184.662,224.809,194.699,191.269
1132,219,250,250,250,214,244,244,243,171.86,197.705,189.174,183.585
1133,237,250,250,250,5,4,6,5,183.436,190.216,189.249,208.03
1134,235,250,250,250,234,249,250,249,176.604,183.861,184.805,184.205
1135,235,250,250,250,235,249,250,250,177.443,186.46,178.7,181.772
1136,250,250,250,250,2,0,4,12,188.6,181.593,197.85,187.694
1137,250,250,250,250,250,250,250,250,189.626,205.238,213.477,205.368
1138,250,250,250,250,2,0,7,6,195.608,202.97,191.635,200.675
1139,250,250,250,250,247,249,247,248,175.095,177.663,176.972,176.237
1140,250,250,250,250,2,4,2,9,177.999,175.409,208.7,190.468
1141,250,250,250,250,250,250,250,250,177.76,181.559,188.708,175.403
1142,250,250,250,250,250,250,250,250,172.508,174.925,179.209,181.977
1143,250,250,250,250,5,1,3,8,184.092,191.179,191.106,192.695
1144,250,250,250,250,249,249,246,249,184.353,184.376,180.057,183.737
1145,250,250,250,250,4,9,5,5,199.088,183.103,182.568,188.391
1146,250,250,250,250,250,250,250,249,173.244,185.013,184.467,177.167
1147,250,250,250,250,250,250,250,250,174.642,183.502,176.644,179.098
1148,250,250,250,250,2,12,0,12,206.394,210.552,187.243,188.705
1149,250,250,250,250,245,250,244,247,176.623,177.183,173.906,174.004
1150,250,250,250,250,1,9,11,4,186.919,191.333,182.858,198.92
1151,250,250,250,250,241,250,241,246,197.912,271.682,244.18,243.307
1152,250,250,250,250,5,10,4,4,194.096,188.516,183.559,201.802
1153,250,250,250,250,250,250,245,249,174.404,176.128,175.52,174.81
1154,250,250,250,250,250,250,250,250,172.176,180.847,172.314,172.245
1155,250,250,250,250,6,15,5,6,174.573,180.307,174.565,174.247
1156,250,250,250,250,230,249,242,246,171.832,175.135,174.754,178.747
1157,250,250,250,250,3,8,4,10,181.023,184.202,182.337,184.926
1158,250,250,250,250,244,250,250,250,179.121,177.782,175.853,175.38
1159,250,250,250,250,248,250,250,249,170.665,175.702,171.191,174.821
1160,250,250,250,250,2,12,4,5,177.524,178.79,176.907,178.791
1161,250,250,250,250,239,249,246,249,171.35,174.964,173.291,174.834
1162,250,250,250,250,1,27,6,6,175.291,177.325,176.898,176.695
1163,250,250,250,250,244,250,245,249,174.731,176.492,181.646,172.446
1164,250,250,250,250,5,35,7,5,173.684,176.715,177.571,179.103
1165,250,250,250,250,245,250,241,249,176.712,177.521,172.784,173.356
1166,250,250,250,250,250,250,250,250,177.699,172.106,175.429,172.832
1167,250,250,250,250,7,15,6,11,175.256,173.052,172.724,178.265
1168,250,250,250,250,241,247,245,249,172.756,173.114,181.382,190.069
1169,250,250,250,250,3,27,5,11,180.826,185.957,186.46,186.173
1170,250,250,250,250,115,209,138,146,185.552,178.443,180.523,176.482
1171,250,250,250,250,250,250,250,250,176.41,180.947,179.669,182.665
1172,250,250,250,250,6,21,3,5,184.951,180.637,183.031,176.235
1173,250,250,250,250,243,247,247,247,180.765,183.224,178.544,181.508
1174,250,250,250,250,10,13,13,6,196.57,183.557,187.862,244.163
1175,250,250,250,250,246,250,247,248,186.659,175.751,178.973,180.453
1176,250,250,250,250,5,11,12,9,182.378,185.631,179.104,177.322
1177,250,250,250,250,243,250,249,250,170.699,174.593,173.433,175.733
1178,250,250,250,250,250,250,250,250,174.696,177.74,174.533,179.427
1179,250,250,250,250,8,10,4,5,172.341,176.523,196.197,177.911
1180,250,250,250,250,241,248,250,250,176.849,184.41,181.645,181.998
1181,250,250,250,250,11,20,12,9,178.64,187.322,172.151,178.562
1182,250,250,250,250,250,250,248,250,175.089,173.838,174.948,179.753
1183,250,250,250,250,250,250,250,250,178.153,178.646,191.748,213.014
1184,250,250,250,250,4,21,5,5,188.173,191.981,188.156,194.684
1185,250,250,250,250,247,250,246,250,211.291,217.618,257.129,246.896
1186,250,250,250,250,8,31,9,8,176.583,178.837,177.52,178.387
1187,250,250,250,250,250,250,250,248,175.481,178.983,175.517,177.713
1188,250,250,250,250,13,10,3,3,175.63,174.196,183.213,178.277
1189,250,250,250,250,250,250,250,250,178.941,176.672,174.341,172.717
1190,250,250,250,250,250,250,250,250,174.828,180.952,182.118,178.755
1191,250,250,250,250,13,13,7,15,267.935,196.576,196.05,196.416
1192,250,250,250,250,248,248,250,250,227.873,218.987,257.355,219.249
1193,250,250,250,250,7,18,9,17,179.407,186.844,178.328,176.072
1194,250,250,250,250,248,250,250,250,171.155,178.066,175.106,179.01
1195,250,250,250,250,250,250,250,250,184.918,200.11,197.922,213.823
1196,250,250,250,250,16,41,10,12,178.722,183.181,182.804,185.027
1197,250,250,250,250,246,250,250,250,172.281,188.415,171.69,172.247
1198,250,250,250,250,15,21,14,15,174.028,181.315,179.753,176.845
1199,250,250,250,250,244,250,250,249,177.707,183.633,180.799,180.881
1200,250,250,250,250,11,25,5,12,233.418,200.584,182.103,184.738
1201,250,250,250,250,250,250,250,250,182.701,179.006,173.772,171.646
1202,250,250,250,250,250,250,250,250,172.937,180.857,179.402,178.454
1203,250,250,250,250,2,26,9,14,179.329,188.725,195.598,202.854
1204,250,250,250,250,250,250,249,250,185.07,204.491,223.421,201.539
1205,250,250,250,250,11,37,12,12,178.892,191.064,184.856,193.132
1206,250,250,250,250,248,250,249,250,180.762,183.788,176.277,180.772
1207,250,250,250,250,250,250,250,250,184.326,177.086,193.058,212.664
1208,250,250,250,250,8,9,6,11,185.672,185.569,182.731,184.571
1209,250,250,250,250,246,250,250,246,189.406,182.917,186.249,185.906
1210,250,250,250,250,21,55,10,13,188.07,182.748,180.82,179.631
1211,250,250,250,250,250,250,248,250,180.241,188.45,185.354,194.254
1212,250,250,250,250,22,73,14,16,185.905,183.23,185.49,186.428
1213,250,250,250,250,249,250,250,250,180.824,184.827,182.98,183.376
1214,250,250,250,250,250,250,250,250,194.719,184.52,184.1,184.383
1215,250,250,250,250,11,31,14,14,200.631,202.224,201.81,201.461
1216,250,250,250,250,246,250,250,250,187.556,208.046,188.579,199.12
1217,250,250,250,250,7,12,8,14,187.809,188.866,185.974,192.619
1218,250,250,250,250,247,250,250,250,185.284,184.795,193.227,185.862
1219,250,250,250,250,250,250,250,250,189.99,182.948,181.84,196.619
1220,250,250,250,250,20,9,12,19,182.847,186.538,189.821,178.369
1221,250,250,250,250,248,250,247,250,181.898,187.819,184.052,186.804
1222,250,250,250,250,11,11,14,20,185.036,187.699,187.553,184.868
1223,250,250,250,250,250,250,250,250,190.006,183.185,181.414,180.298
1224,250,250,250,250,9,25,9,15,184.287,204.182,186.876,193.907
1225,250,250,250,250,245,250,250,247,177.684,181.153,181.59,194.65
1226,250,250,250,250,250,250,250,250,181.133,182.305,184.644,184.594
1227,250,250,250,250,15,16,11,19,180.466,187.833,180.594,188.008
1228,250,250,250,250,241,250,248,250,183.066,182.562,185.474,184.993
1229,250,250,250,250,7,8,24,19,177.984,185.142,185.203,189.687
1230,250,250,250,250,104,197,110,150,180.551,183.401,183.823,181.068
1231,250,250,250,250,249,250,250,250,178.975,190.748,181.465,183.679
1232,250,250,250,250,33,21,12,13,197.912,186.569,184.777,187.744
1233,250,250,250,250,249,250,250,250,188.036,189.266,190.864,186.114
1234,250,250,250,250,7,133,18,12,185.688,187.246,190.927,192.81
1235,250,250,250,250,237,250,250,247,184.929,179.606,178.125,178.07
1236,250,250,250,250,19,22,11,32,179.214,183.883,174.906,179.639
1237,250,250,250,250,250,250,250,250,175.595,196.572,186.186,181.039
1238,250,250,250,250,250,250,250,250,177.032,192.838,177.124,185.262
1239,250,250,250,250,17,11,9,28,171.635,177.276,178.624,173.44
1240,250,250,250,250,249,250,250,250,176.439,177.939,180.681,183.208
1241,250,250,250,250,13,26,7,39,176.899,196.471,177.277,172.355
1242,250,250,250,250,250,250,250,250,170.303,173.821,173.03,171.961
1243,250,250,250,250,250,250,250,247,175.555,176.532,172.248,178.243
1244,250,250,250,250,25,31,21,25,178.231,182.993,178.686,210.186
1245,250,250,250,250,242,250,249,250,181.487,194.51,175.179,176.727
1246,250,250,250,250,35,44,31,36,174.86,179.138,171.177,178.465
1247,250,250,250,250,249,250,250,249,182.042,185.476,195.114,215.349
1248,250,250,250,250,28,34,43,46,189.061,175.076,179.686,181.229
1249,250,250,250,250,250,250,245,250,181.299,174.666,172.692,176.118
1250,250,250,250,250,250,250,250,250,175.442,178.265,179.565,208.052
1251,250,250,250,250,31,69,45,45,181.035,183.93,186.477,178.515
1252,250,250,250,250,249,250,248,250,177.882,175.668,172.791,175.839
1253,250,250,250,250,31,59,46,67,179.31,179.993,181.935,176.021
1254,250,250,250,250,249,250,250,250,200.213,217.599,188.173,197.642
1255,250,250,250,250,250,250,250,250,174.797,179.591,190.236,186.661
1256,250,250,250,250,67,37,51,57,176.764,179.605,178.248,180.358
1257,250,250,250,250,248,250,246,250,182.351,177.856,179.336,177.818
1258,250,250,250,250,46,32,21,45,181.46,184.268,183.846,184.436
1259,250,250,250,250,247,250,247,250,180.578,177.186,182.373,196.049
1260,250,250,250,250,13,29,7,42,177.175,177.143,190.14,179.452
1261,250,250,250,250,250,250,250,250,175.486,181.599,180.86,196.353
1262,250,250,250,250,250,250,250,250,177.897,183.492,189.803,178.892
1263,250,250,250,250,16,26,16,57,195.762,187.615,189.339,203.503
1264,250,250,250,250,249,250,244,249,191.674,188.487,181.725,185.359
1265,250,250,250,250,130,143,106,90,180.403,205.613,186.027,184.982
1266,250,250,250,250,250,250,250,250,190.903,202.077,188.843,185.147
1267,250,250,250,250,250,250,250,250,171.764,174.656,179.184,173.945
1268,250,250,250,250,53,22,23,49,179.644,192.823,185.883,183.01
1269,250,250,250,250,249,250,249,250,176.302,173.981,174.504,186.138
1270,250,250,250,250,48,29,31,53,187.043,180.891,174.053,187.6
1271,250,250,250,250,249,250,250,250,181.947,175.66,194.165,185.441
1272,250,250,250,250,134,150,184,201,175.05,180.839,197.205,228.294
1273,250,250,250,250,249,250,250,249,174.416,192.37,193.824,178.567
1274,250,250,250,250,250,250,250,250,177.027,180.802,177.65,177.357
1275,250,250,250,250,97,137,69,98,186.738,189.395,196.082,185.391
1276,250,250,250,250,248,250,250,250,178.622,177.543,175.22,177.307
1277,250,250,250,250,41,28,12,35,175.991,177.475,180.088,179.764
1278,250,250,250,250,250,250,250,250,182.828,174.506,175.027,179.534
1279,250,250,250,250,250,250,250,250,174.656,178.713,172.398,174.209
1280,250,250,250,250,49,30,31,74,178.015,181.616,193.721,208.726
1281,250,250,250,250,249,250,249,250,175.969,173.861,174.132,177.886
1282,250,250,250,250,168,205,147,170,172.07,173.921,174.788,174.078
1283,250,250,250,250,249,250,250,243,180.164,182.116,176.384,181.711
1284,250,250,250,250,85,108,87,84,184.85,183.362,179.156,179.113
1285,250,250,250,250,248,250,247,248,178.39,192.84,202.572,183.776
1286,250,250,250,250,250,250,250,250,173.166,178.138,177.676,178.637
1287,250,250,250,250,94,127,60,60,177.801,191.889,186.21,185.657
1288,250,250,250,250,250,250,250,250,179.164,201.921,185.825,204.122
1289,250,250,250,250,62,71,49,94,188.926,192.144,194.08,227.124
1290,250,250,250,250,102,194,130,151,195.879,189.786,195.167,184.658
1291,250,250,250,250,250,250,250,250,195.033,184.748,182.107,179.577
1292,250,250,250,250,82,72,49,70,170.932,177.473,187.831,178.915
1293,250,250,250,250,247,250,250,250,179.065,179.228,177.242,180.039
1294,250,250,250,250,114,106,83,119,204.003,213.106,192.028,188.805
1295,250,250,250,250,250,250,250,249,183.801,185.101,181.795,182.508
1296,250,250,250,250,75,77,54,95,258.57,207.266,220.383,248.07
1297,250,250,250,250,250,250,250,249,210.148,197.577,210.074,181.21
1298,250,250,250,250,250,250,250,250,174.039,178.853,173.046,187.094
1299,250,250,250,250,130,133,125,177,175.582,170.302,176.342,174.376
1300,250,250,250,250,250,250,248,250,175.465,174.043,175.717,174.227
1301,250,250,250,250,151,161,165,162,168.278,183.25,177.66,179.343
1302,250,250,250,250,249,250,249,250,174.765,184.964,172.205,182.751
1303,250,250,250,250,250,250,250,250,172.581,175.054,175.82,174.877
1304,250,250,250,250,65,62,55,94,174.11,176.547,172.913,172.512
1305,250,250,250,250,248,250,243,249,183.115,183.447,206.35,182.474
1306,250,250,250,250,45,72,12,58,181.976,183.964,181.302,182.666
1307,250,250,250,250,250,250,250,250,181.174,210.594,182.993,189.344
1308,250,250,250,250,9,56,15,39,179.958,201.065,194.411,189.96
1309,250,250,250,250,250,250,249,250,184.597,176.144,174.774,176.212
1310,250,250,250,250,250,250,250,250,175.441,176.519,174.236,182.493
1311,250,250,250,250,11,26,10,18,183.063,179.158,186.455,179.117
1312,250,250,250,250,250,250,250,249,170.271,177.28,176.099,179.289
1313,250,250,250,250,8,37,8,22,202.765,177.438,190.365,195.567
1314,250,250,250,250,250,250,250,247,174.899,189.769,195.231,172.072
1315,250,250,250,250,250,250,250,250,178.823,187.354,174.28,174.265
1316,250,250,250,250,9,31,12,16,173.729,172.462,176.845,172.422
1317,250,250,250,250,250,250,250,250,231.32,185.423,187.635,187.351
1318,250,250,250,250,5,17,7,14,179.968,176.683,195.987,179.988
1319,250,250,250,250,248,250,249,249,170.445,173.275,176.792,174.829
1320,250,250,250,250,8,15,5,12,175.935,176.785,173.195,172.053
1321,250,250,250,250,250,250,250,250,182.411,179.688,185.985,181.422
1322,250,250,250,250,250,250,250,250,175.53,177.281,262.004,195.071
1323,250,250,250,250,7,49,10,24,171.869,176.72,185.339,190.561
1324,250,250,250,250,245,250,249,250,179.38,192.307,178.576,177.129
1325,250,250,250,250,12,8,15,16,182.009,185.772,174.394,175.913
1326,250,250,250,250,250,250,249,249,177.781,219.414,193.687,208.621
1327,250,250,250,250,250,250,250,250,173.63,176.842,180.852,178.769
1328,250,250,250,250,8,47,12,24,177.647,181.566,179.946,179.514
1329,250,250,250,250,249,250,250,250,171.205,177.183,247.626,188.569
1330,250,250,250,250,3,7,16,17,185.881,189.404,177.809,187.474
1331,250,250,250,250,249,250,250,250,184.246,189.341,189.926,190.032
1332,250,250,250,250,5,13,12,23,181.5,183.431,183.926,185.586
1333,250,250,250,250,250,250,249,250,175.91,175.181,173.891,178.487
1334,250,250,250,250,250,250,250,250,171.195,181.941,176.694,176.331
1335,250,250,250,250,9,23,10,15,175.5,174.116,178.059,173.392
1336,250,250,250,250,250,250,248,249,169.723,174.304,178.138,178.119
1337,250,250,250,250,8,19,6,16,173.473,178.673,181.325,180.663
1338,250,250,250,250,250,250,249,248,179.823,185.452,182.01,174.112
1339,250,250,250,250,244,246,239,245,172.47,177.75,178.577,170.603
1340,250,250,250,250,5,19,8,12,176.919,180.951,176.15,182.143
1341,250,250,250,250,250,249,250,246,176.346,176.928,176.525,175.352
1342,250,250,250,250,4,17,7,8,178.469,174.021,177.132,182.854
1343,250,250,250,250,250,250,250,250,191.497,189.196,191.957,197.786
1344,250,250,250,250,5,21,6,14,176.022,177.268,175.074,182.141
1345,250,250,250,250,248,249,249,250,180.039,173.058,177.493,179.76
1346,250,250,250,250,246,246,244,245,195.135,183.647,175.899,178.955
1347,250,250,250,250,9,27,8,11,177.888,183.889,190.247,181.428
1348,250,250,250,250,250,250,250,250,174.91,177.28,171.628,178.213
1349,250,250,250,250,5,40,2,7,181.246,175.499,181.095,180.706
1350,250,250,250,250,106,199,125,172,180.432,176.123,175.713,182.02
1351,250,250,250,250,250,250,250,250,177.179,184.885,190.853,179.875
1352,250,250,250,250,3,15,5,5,181.879,192.455,178.094,181.326
1353,250,250,250,250,249,250,250,250,187.57,182.021,189.341,176.208
1354,250,250,250,250,7,12,8,10,200.969,188.498,188.174,190.597
1355,250,250,250,250,249,250,250,249,181.988,188.235,182.222,183.87
1356,250,250,250,250,4,6,4,6,186.056,183.882,182.789,185.407
1357,250,250,250,250,247,250,250,250,178.593,176.087,179.821,181.594
1358,250,250,250,250,250,250,249,250,172.958,177.035,175.197,182.713
1359,250,250,250,250,1,11,5,11,172.376,175.446,172.359,170.589
1360,250,250,250,250,249,250,250,250,171.07,178.827,174.387,174.941
1361,250,250,250,250,3,26,6,11,173.434,173.38,173.5,176.012
1362,250,250,250,250,248,250,249,250,173.831,173.524,170.389,171.627
1363,250,250,250,250,250,250,250,250,168.43,170.154,170.466,171.603
1364,250,250,250,250,3,5,2,7,174.121,173.041,176.476,175.08
1365,250,250,250,250,249,250,250,250,173.513,178.233,176.529,168.476
1366,250,250,250,250,2,10,5,11,178.343,186.801,170.422,172.837
1367,250,250,250,250,249,250,250,248,171.126,174.717,169.408,171.576
1368,250,250,250,250,1,12,2,9,170.392,170.829,171.174,176.045
1369,250,250,250,250,249,250,249,250,174.681,173.04,169.693,173.061
1370,250,250,250,250,250,250,250,250,173.355,171.432,174.93,172.048
1371,250,250,250,250,1,27,2,9,175.918,177.313,176.466,175.538
1372,250,250,250,250,250,250,250,250,175.182,173.942,175.44,173.884
1373,250,250,250,250,1,8,4,11,185.471,178.194,171.293,175.408
1374,250,250,250,250,249,250,250,250,171.653,171.861,169.582,178.427
1375,250,250,250,250,250,250,250,250,170.651,172.965,171.938,174.098
1376,250,250,250,250,1,12,5,13,172.356,177.23,176.185,175.437
1377,250,250,250,250,248,250,250,250,171.102,174.569,173.673,172.308
1378,250,250,250,250,1,10,4,8,174.368,179.008,176.588,174.097
1379,250,250,250,250,250,250,250,249,173.541,178.763,181.346,175.521
1380,250,250,250,250,2,6,6,5,177.894,176.916,174.996,174.419
1381,250,250,250,250,250,250,250,250,172.523,177.262,175.316,181.946
1382,250,250,250,250,250,250,250,250,175.814,174.39,173.433,174.883
1383,250,250,250,250,0,21,6,13,175.059,178.589,175.345,177.65
1384,250,250,250,250,249,249,250,250,170.08,179.061,173.126,175.283
1385,250,250,250,250,3,20,9,15,176.251,176.712,176.56,187.943
1386,250,250,250,250,250,250,250,250,177.276,174.241,176.648,176.979
1387,250,250,250,250,250,250,250,250,176.136,179.592,179.007,176.672
1388,250,250,250,250,2,10,1,5,178.592,183.658,179.254,197.102
1389,250,250,250,250,250,250,250,250,176.586,176.346,174.157,174.92
1390,250,250,250,250,12,12,11,6,175.419,176.977,176.339,175.997
1391,250,250,250,250,249,250,250,250,177.073,176.097,174.411,174.773
1392,250,250,250,250,0,11,7,11,175.011,177.725,183.052,177.687
1393,250,250,250,250,250,250,250,250,180.496,179.277,178.982,180.929
1394,250,250,250,250,250,250,250,250,177.702,181.023,177.784,176.031
1395,250,250,250,250,5,14,10,6,182.414,177.707,179.987,179.304
1396,250,250,250,250,250,250,250,250,177.599,176.001,178.989,178.296
1397,250,250,250,250,6,18,6,10,182.487,182.465,183.96,179.946
1398,250,250,250,250,250,250,250,249,176.584,179.366,180.528,178.589
1399,250,250,250,250,250,250,250,250,177.935,180.978,181.066,176.96
1400,250,250,250,250,2,8,2,10,182.489,183.468,182.922,191.394
1401,250,250,250,250,250,250,248,250,184.139,180.873,180.518,179.555
1402,250,250,250,250,5,7,4,14,181.188,184.256,182.101,182.931
1403,250,250,250,250,250,250,250,250,183.894,176.049,178.341,180.327
1404,250,250,250,250,3,17,5,14,176.9,177.739,178.073,186.959
1405,250,250,250,250,250,250,250,250,181.094,177.742,180.591,178.16
1406,250,250,250,250,250,250,250,250,177.772,179.062,178.364,179.437
1407,250,250,250,250,4,3,6,13,181.117,185.51,183.94,178.969
1408,250,250,250,250,250,250,250,250,180.929,180.111,179.648,184.855
1409,250,250,250,250,11,23,5,14,181.419,184.051,180.36,179.381
1410,250,250,250,250,188,216,167,191,177.15,179.07,177.5,178.442
1411,250,250,250,250,250,250,250,250,181.144,179.31,177.073,178.255
1412,250,250,250,250,9,13,7,13,184.802,180.379,182.477,185.141
1413,250,250,250,250,249,250,250,247,182.115,184.458,182.51,179.366
1414,250,250,250,250,9,7,7,6,187.696,188.139,187.527,188.766
1415,250,250,250,250,249,250,248,250,183.296,186.531,187.683,187.301
1416,250,250,250,250,10,21,6,7,186.744,183.152,187.322,187.611
1417,250,250,250,250,249,250,246,248,186.188,185.881,184.863,185.335
1418,250,250,250,250,250,250,250,250,183.623,182.203,185.23,183.349
1419,250,250,250,250,14,21,6,20,190.054,186.268,188.436,186.992
1420,250,250,250,250,249,250,247,249,184.927,184.667,188.565,186.563
1421,250,250,250,250,4,34,3,20,190.099,191.068,189.015,191.828
1422,250,250,250,250,250,250,250,250,195.787,205.891,185.113,185.882
1423,250,250,250,250,250,250,250,250,187.425,186.22,185.078,186.313
1424,250,250,250,250,6,29,8,28,192.68,186.802,183.692,183.709
1425,250,250,250,250,250,250,248,250,183.324,184.218,186.707,186.69
1426,250,250,250,250,2,10,7,10,186.271,186.591,186.537,189.04
1427,250,250,250,250,250,250,250,250,182.63,182.443,184.762,185.678
1428,250,250,250,250,7,14,5,17,190.131,182.905,186.075,185.865
1429,250,250,250,250,250,250,247,250,183.45,188.811,184.524,186.851
1430,250,250,250,250,250,250,250,249,191.348,191.265,191.176,193.434
1431,250,250,250,250,5,18,10,14,185.919,192.765,193.447,185.21
1432,250,250,250,250,250,250,250,250,189.679,185.426,184.522,184.781
1433,250,250,250,250,4,16,8,9,193.162,188.243,185.585,188.654
1434,250,250,250,250,250,250,250,250,188.709,185.259,186.535,186.844
1435,250,250,250,250,250,250,250,250,183.831,187.219,183.536,189.094
1436,250,250,250,250,6,14,11,8,185.107,186.598,186.911,186.623
1437,250,250,250,250,250,250,250,250,185.206,185.982,182.735,188.543
